life_expectancy,adult_mortality,infant_deaths,alcohol,hepatitis_b,measles,bmi,polio,total_expenditure,diphtheria,hiv_aids,gdp,population,thinness_1_19_years,schooling
65,263,62,0.01,65,1154,19.1,6,8.16,65,0.1,584.25921,33736494,17.2,10.1
59.9,271,64,0.01,62,492,18.6,58,8.18,62,0.1,612.696514,327582,17.5,10
59.9,268,66,0.01,64,430,18.1,62,8.13,64,0.1,631.744976,31731688,17.7,9.9
59.5,272,69,0.01,67,2787,17.6,67,8.52,67,0.1,669.959,3696958,17.9,9.8
59.2,275,71,0.01,68,3013,17.2,68,7.87,68,0.1,63.537231,2978599,18.2,9.5
58.8,279,74,0.01,66,1989,16.7,66,9.2,66,0.1,553.32894,2883167,18.4,9.2
58.6,281,77,0.01,63,2861,16.2,63,9.42,63,0.1,445.8932979,284331,18.6,8.9
58.1,287,80,0.03,64,1599,15.7,64,8.33,64,0.1,373.3611163,2729431,18.8,8.7
57.5,295,82,0.02,63,1141,15.2,63,6.73,63,0.1,369.835796,26616792,19,8.4
57.3,295,84,0.03,64,1990,14.7,58,7.43,58,0.1,272.56377,2589345,19.2,8.1
57.3,291,85,0.02,66,1296,14.2,58,8.7,58,0.1,25.2941299,257798,19.3,7.9
57,293,87,0.02,67,466,13.8,5,8.79,5,0.1,219.1413528,24118979,19.5,6.8
56.7,295,87,0.01,65,798,13.4,41,8.82,41,0.1,198.7285436,2364851,19.7,6.5
56.2,3,88,0.01,64,2486,13,36,7.76,36,0.1,187.84595,21979923,19.9,6.2
55.3,316,88,0.01,63,8762,12.6,35,7.8,33,0.1,117.49698,2966463,2.1,5.9
54.8,321,88,0.01,62,6532,12.2,24,8.2,24,0.1,114.56,293756,2.3,5.5
77.8,74,0,4.6,99,0,58,99,6,99,0.1,3954.22783,28873,1.2,14.2
77.5,8,0,4.51,98,0,57.2,98,5.88,98,0.1,4575.763787,288914,1.2,14.2
77.2,84,0,4.76,99,0,56.5,99,5.66,99,0.1,4414.72314,289592,1.3,14.2
76.9,86,0,5.14,99,9,55.8,99,5.59,99,0.1,4247.61438,2941,1.3,14.2
76.6,88,0,5.37,99,28,55.1,99,5.71,99,0.1,4437.17868,295195,1.4,13.3
76.2,91,1,5.28,99,10,54.3,99,5.34,99,0.1,494.358832,291321,1.4,12.5
76.1,91,1,5.79,98,0,53.5,98,5.79,98,0.1,4114.136545,2927519,1.5,12.2
75.3,1,1,5.61,99,0,52.6,99,5.87,99,0.1,437.539647,2947314,1.6,12
75.9,9,1,5.58,98,22,51.7,99,6.1,98,0.1,363.13685,29717,1.6,11.6
74.2,99,1,5.31,98,68,5.8,97,5.86,97,0.1,35.1293,2992547,1.7,11.4
73.5,15,1,5.16,98,6,49.9,97,6.12,98,0.1,279.142931,311487,1.8,10.8
73,17,1,4.54,99,7,48.9,98,6.38,97,0.1,2416.588235,326939,1.8,10.9
72.8,18,1,4.29,97,8,47.9,97,6.27,97,0.1,189.681557,339616,1.9,10.7
73.3,15,1,3.73,96,16,46.9,98,6.3,98,0.1,1453.642777,3511,2,10.7
73.6,14,1,4.25,96,18,46,97,6,97,0.1,1326.97339,36173,2.1,10.6
72.6,11,1,3.66,96,662,45,97,6.26,97,0.1,1175.788981,38927,2.1,10.7
75.4,11,21,0.01,95,0,58.4,95,7.21,95,0.1,547.8517,39113313,6,14.4
75.3,112,21,0.53,95,25,57.2,95,7.12,95,0.1,5471.866766,38338562,5.9,14.4
75.1,113,21,0.66,95,18,56.1,95,6.14,95,0.1,5564.82566,37565847,5.9,14.4
74.9,116,21,0.56,95,112,55,95,5.29,95,0.1,5432.2523,36819558,5.9,14
74.7,119,21,0.45,95,103,53.9,95,5.12,95,0.1,4463.394675,36117637,5.9,13.6
74.4,123,20,0.5,94,107,52.8,94,5.36,95,0.1,3868.83123,3546576,6,13.1
74.1,126,20,0.46,91,217,51.8,92,4.2,93,0.1,495.254866,3486715,6,12.6
73.8,129,20,0.44,9,0,5.8,95,3.82,95,0.1,3935.183343,34376,6,12.3
73.4,132,20,0.36,8,944,49.8,95,3.36,95,0.1,3464.6179,33777915,6.1,12.3
72.9,136,19,0.5,83,2302,48.9,88,3.24,88,0.1,31.122378,33288437,6.1,12
72.3,14,19,0.45,81,3289,47.9,86,3.54,86,0.1,2598.9823,3283196,6.2,11.7
51.7,348,67,8.33,64,11699,22.7,68,3.31,64,2,479.31224,2692466,8.5,11.4
51.1,355,69,8.1,77,8523,22.1,67,4.26,77,2.3,484.616884,2599834,8.6,11.4
56,358,72,8.24,75,4458,21.5,75,3.3,75,2.6,4598.249988,259615,8.8,10.3
51,361,75,8.06,72,1449,21,73,3.38,71,2.5,4299.12889,24218565,8.9,9.4
49.6,365,78,7.8,77,1190,2.4,81,3.39,77,2.5,3529.53482,23369131,9.1,9
49.1,369,81,7.01,61,2807,19.8,63,4.37,6,2.5,3347.84485,22549547,9.3,8.5
48.7,371,84,7.07,69,265,19.3,65,3.84,69,2.6,3868.578883,2175942,9.5,8.1
48.2,375,87,6.35,73,1014,18.8,75,3.38,73,2.6,2878.837144,2997687,9.6,7.7
76.2,118,8,7.93,94,1,62.2,92,4.79,94,0.1,12245.25645,42981515,1,17.3
76,119,8,8.28,94,0,61.6,99,4.99,94,0.1,12976.63642,42539925,1,17.3
75.9,12,9,8.35,91,2,61,99,5.2,91,0.1,12969.7712,4296739,1,17.2
75.7,12,9,8.11,91,3,6.4,93,5.89,91,0.1,12726.9836,41656879,1,17.1
75.5,121,10,8.15,94,17,59.8,95,6.55,94,0.1,1276.265,41223889,1,16.8
75.6,126,10,8.33,94,3,59.2,97,7.63,94,0.1,8161.36966,479947,1,16.5
75.4,126,10,8.41,9,0,58.6,94,6.66,93,0.1,8953.359275,4382389,1,16.3
74.8,129,10,8.16,85,0,58,92,6.49,91,0.1,7193.61764,3997224,1.1,16.3
75.2,127,11,7.75,84,0,57.5,92,6.68,91,0.1,5878.76127,3955889,1.1,16.1
74.9,127,11,7.53,88,0,56.9,95,6.85,98,0.1,576.883829,39145488,1.1,16.3
74.7,13,11,7.63,81,0,56.3,91,6.84,98,0.1,4251.574348,38728696,1.1,16.3
74.1,137,11,7.62,73,0,55.7,95,8.22,96,0.1,333.4376,3839379,1.2,16.4
74.1,138,12,7.81,66,0,55.1,94,8.31,93,0.1,2579.193168,3788937,1.2,16.3
74.6,12,1,3.91,93,13,54.1,95,4.48,93,0.1,3994.712355,29622,2.1,12.7
74.4,123,1,3.79,95,10,53.3,96,4.55,95,0.1,3843.591213,289359,2.1,12.7
74.4,121,1,3.89,95,0,52.6,96,4.48,95,0.1,3684.8481,2881922,2,12.7
73.9,128,1,4.09,95,0,51.9,96,3.71,95,0.1,3526.978143,2875581,2,12.7
73.5,132,1,4.23,94,2,51.2,96,4.56,94,0.1,3218.381655,2877311,2,12.3
73.3,137,1,3.96,93,0,5.7,94,4.55,93,0.1,2993.832531,2888584,2,11.9
73.2,14,1,3.96,89,0,5.1,91,3.8,89,0.1,41.26997,29822,2,12.3
73.5,132,1,3.99,85,1,49.7,9,4.31,88,0.1,3138.8873,293356,2,11.7
72.9,141,1,4.01,78,137,49.2,87,4.58,87,0.1,2158.299,29585,2,11.2
73,137,1,4.25,91,2281,48.8,92,5.25,9,0.1,1643.758397,2981259,2,10.9
73,132,1,3.81,91,1783,48.4,93,5.5,91,0.1,1191.96192,3612,2,10.9
72.7,134,1,3.03,93,4,48.1,96,5.56,94,0.1,93.1661567,31786,2,10.8
72.6,134,1,2.86,91,40,47.8,96,5.4,94,0.1,783.261699,333897,2.1,10.8
72.6,141,1,2.86,69,69,47.4,97,5.94,94,0.1,694.435119,35655,2.1,11.1
72,142,1,2.9,55,15,47.1,96,6.25,93,0.1,622.7427477,369588,2.1,11.2
72.5,119,5,0.01,94,0,51.5,97,6.4,94,0.1,7891.299776,953579,2.8,12.2
72.2,121,5,2.14,93,164,5.6,96,5.54,93,0.1,7875.756953,941681,2.8,11.9
71.9,123,5,0.01,88,0,49.7,92,5.37,89,0.1,7496.335728,9295784,2.8,11.8
71.6,125,5,1.98,84,0,48.8,91,5.1,87,0.1,7189.691229,917382,2.8,11.7
71.1,13,5,1.98,8,0,48,85,5.33,81,0.1,5842.85784,954332,2.8,11.7
78,132,6,2.1,74,0,47.3,84,5.85,81,0.1,495.294791,8947243,2.8,11.6
73,141,6,1.18,68,5,46.6,85,4.37,81,0.1,5574.6382,87634,2.8,11.6
73,14,6,1.02,62,0,45.9,81,5.1,79,0.1,3851.437869,85813,2.8,11.6
69.2,154,6,0.85,52,222,45.3,8,6.17,78,0.1,2473.85776,848455,2.9,10.7
68.4,162,6,0.73,49,1238,44.7,79,7.86,75,0.1,1578.4239,839185,2.9,11.2
68.4,154,6,0.62,5,827,44.2,78,7.92,77,0.1,145.2163,8365,3,11
67.8,154,7,0.55,51,1978,43.6,79,6.56,77,0.1,883.6439965,82341,3,10.8
67.8,146,7,0.55,5,4353,43.1,8,4.47,76,0.1,763.73858,817195,3.1,10.6
71.4,132,98,0.01,97,289,17.7,97,2.82,97,0.1,184.56543,15945279,18.1,10
71,135,104,0.01,96,237,17,96,2.88,96,0.1,951.8894535,157571292,18.3,10
77,137,111,0.01,94,1986,16.4,94,3.8,94,0.1,856.342857,15572753,18.5,9.9
73,14,118,0.01,96,5625,15.8,96,3.16,96,0.1,835.789341,153911916,18.7,9.4
69.9,142,126,0.01,94,788,15.2,94,3.6,94,0.1,757.6717572,15214912,18.9,8.9
69.5,144,135,0.01,97,718,14.6,97,2.91,97,0.1,681.125368,1545478,19.1,8.4
69.1,147,144,0.01,96,2660,14,96,2.85,96,0.1,615.7775411,14885814,19.3,8.6
68.6,151,154,0.01,95,2924,13.5,96,2.8,94,0.1,541.651484,147139191,19.5,8.6
68.2,152,164,0.01,86,6192,13,95,2.8,94,0.1,494.51466,1453684,19.7,8.4
67.8,155,174,0.01,45,25934,12.5,94,2.68,93,0.1,484.155471,14343111,19.9,8.2
67.3,158,185,0.01,11,9743,12,88,2.62,99,0.1,46.7579167,14137489,2.1,8.1
66.8,161,196,0.01,5,4067,11.6,9,2.51,87,0.1,432.7388972,139191,2.3,7.9
72,199,0,13.94,97,64,61.7,97,5.69,97,0.1,8318.429294,9474511,1.9,15.7
71.7,23,0,14.66,98,16,61.1,98,6.7,98,0.1,7978.825443,9465997,2,15.7
71.9,194,0,16.35,97,10,6.5,98,5.1,98,0.1,694.243915,9464495,2,15.6
72,232,0,17.31,98,50,59.9,98,4.92,98,0.1,6519.71753,9473172,2,15.5
73,222,0,14.44,96,1,59.3,99,5.55,98,0.1,63.38877,949583,2,15.5
70,226,0,14.09,98,0,58.7,98,6.9,96,0.1,5176.172649,956765,2.1,15.4
70,224,1,14.67,98,0,58.2,98,5.95,97,0.1,6376.183153,9527985,2.1,15.1
69.8,226,1,14.22,91,1,57.7,9,6.44,95,0.1,4735.484827,956953,2.2,14.9
68.9,243,1,12.6,98,149,57.2,97,6.34,99,0.1,3848.215966,964924,2.2,14.6
68.1,252,1,11.01,99,1,56.7,98,6.89,99,0.1,3126.71767,9663915,2.3,14.4
68.2,247,1,12.05,99,2,56.2,99,6.59,99,0.1,2378.33927,973146,2.4,14.1
67.7,253,1,11.17,56,21,55.8,53,6.59,5,0.1,1819.525644,9796749,2.5,13.9
67.2,262,1,12.23,99,14,55.3,99,6.47,99,0.1,1479.383142,9865548,2.5,13.6
67.7,254,1,10.74,93,45,54.9,99,6.62,99,0.1,1244.373185,9928549,2.6,13.3
68,247,1,12.98,7,21,54.4,99,6.13,99,0.1,1276.28834,997961,2.7,13.1
70,177,0,6.58,95,0,5.1,95,5.79,95,0.2,4852.223666,351694,3.4,12.8
69.8,18,0,6.56,95,0,49.3,95,5.79,95,0.2,4688.538443,344181,3.4,12.9
69.4,189,0,6.66,98,0,48.5,98,5.45,98,0.1,4673.63848,33671,3.5,12.5
69.4,188,0,6.64,95,0,47.8,95,5.61,95,0.5,4516.24675,329192,3.5,12.4
69.5,186,0,6.76,96,0,47,96,5.85,96,0.2,4344.15177,32168,3.5,12.4
69.5,184,0,6.85,97,0,46.3,98,5.81,97,0.3,4258.788611,313929,3.5,12.7
69.6,181,0,7.22,94,0,45.7,94,5.9,94,0.1,447.22796,36165,3.5,12.8
69.6,181,0,7.24,96,0,45,97,4.76,96,0.6,4324.876427,29847,3.5,12.8
69.4,184,0,6.48,98,0,44.4,98,4.4,98,0.6,4187.3783,29747,3.6,12.3
69,191,0,6.25,96,0,43.8,96,4.45,96,0.8,3933.332215,283277,3.6,12.8
68.7,197,0,6.2,97,0,43.2,97,4.39,97,0.8,3831.53819,27689,3.6,12.5
68.4,21,0,5.67,96,0,42.6,95,4.53,96,1.5,3679.99523,26913,3.6,12.2
68.5,199,0,4.99,97,0,42,93,4.38,89,0.1,3556.561825,26226,3.7,11.9
68.2,21,0,4.9,96,0,41.4,96,4.5,96,0.4,3419.275719,254984,3.7,11.8
68.3,196,0,4.79,76,0,4.8,91,3.98,91,0.3,3364.423711,247315,3.8,11.7
59.7,252,25,0.01,78,786,25.2,74,4.59,78,1.1,943.686575,1286712,7.1,10.7
59.5,251,25,0.01,77,637,24.6,73,4.59,77,1.2,915.2674586,14451,7.2,10.3
59.3,251,25,0.01,8,288,24.1,8,4.86,8,1.3,837.9551,972916,7.4,10
59.1,251,25,1.4,75,426,23.5,77,5.37,75,1.4,825.9427854,94682,7.6,9.8
58.7,254,25,1.33,76,392,23,77,4.95,76,1.4,757.695974,9199259,7.8,9.5
58.4,259,25,1.16,79,1461,22.5,8,4.46,79,1.6,793.45243,894476,7.9,9.3
57.6,278,25,1.28,75,928,22,77,4.2,75,1.8,82.1513498,8696916,8.1,9.1
57.1,283,25,1.12,82,341,21.5,82,4.55,82,2,76.535419,8454791,8.3,8.9
56.8,284,25,1.19,74,176,21,76,4.75,74,2,625.8392,8216896,8.5,8.7
56.5,285,25,1.13,7,210,2.5,73,4.73,7,2.1,61.799977,7982225,8.7,8.5
56.1,285,25,1.15,75,262,2.1,74,4.56,72,2.1,583.493514,7754,8.9,8.1
55.8,285,25,1.35,73,217,19.7,75,4.63,73,2.1,519.2922847,752555,9.1,7.7
55.6,283,25,1.23,15,1588,19.2,76,4.27,75,2.1,418.6985763,7295394,9.3,7.3
69.4,216,0,0.01,99,0,23.6,98,3.57,99,0.5,2522.7968,776448,15.7,12.5
69.1,219,0,0.01,97,0,22.7,97,3.83,97,0.6,235.882889,764961,15.9,12.6
68.7,223,0,0.01,97,1,21.9,97,3.7,97,0.6,2422.816,752967,16.1,12.3
68.3,225,0,0.23,95,10,21.1,95,4.73,95,0.5,2458.45976,7451,16.3,11.9
67.9,228,1,0.28,91,21,2.3,92,5.17,91,0.5,2178.921383,727641,16.6,11.4
67.4,232,1,0.17,93,6,19.5,93,6.3,93,0.4,177.234497,714458,16.8,10.9
67,234,1,0.21,96,7,18.8,96,6.58,96,0.4,1795.18137,795,17.1,10.5
66.5,238,1,0.16,95,11,18,93,5.88,95,0.3,1741.142552,686958,17.3,10.1
65.8,245,1,0.29,95,2,17.4,96,5.27,95,0.3,1335.45696,672228,17.5,9.6
65,254,1,0.73,95,11,16.7,95,5.28,95,0.3,1247.61392,656639,17.8,9.2
64.2,263,1,0.96,89,3,16.1,9,4.41,89,0.3,197.45788,64282,18,8.8
63.3,273,1,0.52,95,0,15.5,96,4.9,95,0.2,997.7417141,623434,18.3,8.4
62.5,282,1,0.29,83,27,14.9,89,7.75,86,0.1,885.6382245,66399,18.6,8
61.7,29,1,0.14,89,756,14.4,88,5.91,88,0.1,87.9387673,5896,18.9,7.6
62,312,1,0.17,98,418,13.9,98,6.91,92,0.1,765.8632358,573416,19.2,7.3
77.2,89,0,4.03,89,3000,55.3,86,9.57,86,0.1,5193.94932,35662,2.4,14.2
77,9,0,4.12,91,0,54.7,87,9.46,89,0.1,535.86555,364999,2.4,14.2
76.8,92,0,4.61,92,22,54.2,87,9.94,92,0.1,4716.673325,36482,2.5,13.9
76.9,92,0,4.64,88,10,53.7,89,9.71,88,0.1,55.156834,3688865,2.6,13.4
76.4,94,0,4.54,89,45,53.1,9,9.58,89,0.1,4611.47298,372284,2.6,13.3
76.1,97,0,4.75,9,22,52.6,9,9.64,9,0.1,4697.89732,3746561,2.7,13.3
76,98,0,5.13,88,8,52.1,92,8.58,91,0.1,575.31664,3763599,2.8,13.1
75.4,16,0,5.16,94,166,51.5,95,8.37,95,0.1,418.292176,3774,2.8,12.9
75.7,1,0,4.82,9,17,51,91,8.28,87,0.1,344.321698,3779468,2.9,12.7
75,12,0,4.56,93,23,5.5,95,8.5,93,0.1,2968.41186,378153,2.9,12.5
75.5,99,0,4.25,36,28,49.9,87,9.4,84,0.1,265.642661,3781287,3,12.3
65.1,268,2,0.01,95,1,37.3,96,5.41,95,2.3,7497.762376,2168573,6.7,12.6
64.2,286,2,0.01,95,1,36.8,96,5.84,95,2.8,77.625783,212857,7,12.6
63.4,3,2,0.01,95,7,36.2,96,6.27,95,4.4,729.231453,289315,7.3,12.5
62.2,325,2,5.76,95,8,35.7,96,5.25,95,5.5,7645.21469,251339,7.7,12.4
61.1,349,2,5.99,95,853,35.2,96,5.64,95,6.2,6346.15624,214866,8,12.3
59.2,393,2,5.01,94,184,34.7,96,6.39,96,9,5185.729845,1979882,8.4,12.2
57.5,427,2,6.56,94,0,34.2,96,5.55,96,12.7,5623.379566,1946351,8.8,12.1
56.9,436,2,6.21,93,1,33.7,96,4.71,96,13.4,5714.47937,1914414,9.2,12.1
54.8,491,2,6.45,93,6,33.2,96,4.93,96,14.4,5374.554867,1884238,9.6,11.9
51.7,566,2,6.37,92,5,32.7,96,5.62,96,20.6,5351.253732,1855852,1,11.9
48.1,652,2,4.9,91,1,32.2,96,5.56,96,28.4,4896.583835,182933,1.5,11.8
46.4,693,2,5.51,9,59,31.6,96,4.65,96,31.9,4163.6596,184339,1.9,11.8
46,699,2,6.41,88,7,31.1,97,6.47,97,34.6,355.618382,1779953,11.4,11.9
46.7,679,2,5.48,87,1,3.5,97,5.73,97,37.2,3128.97793,1754935,11.8,11.8
47.8,647,2,5.37,86,2672,29.9,97,4.64,97,38.8,3349.68823,172834,12.3,11.7
74.8,144,44,7.32,96,876,55.3,96,8.32,93,0.1,1226.61731,24213133,2.7,15.2
74.7,146,46,7.24,96,220,54.5,96,8.48,97,0.1,12216.9446,2248632,2.8,14.2
74.5,148,49,7.55,96,2,53.6,96,8.26,95,0.1,12291.46685,256983,2.8,14.2
74.1,152,51,7.58,98,43,52.8,98,8.9,99,0.1,13167.47289,198686688,2.9,14
73.8,154,54,7.52,96,68,52,99,8.27,99,0.1,11224.1548,196796269,2.9,13.8
73.6,157,57,7.33,99,0,51.1,99,8.65,99,0.1,8553.3847,194895996,3,13.8
73.4,158,61,7.21,96,0,5.3,99,8.24,99,0.1,8787.61375,19297929,3,13.3
73.3,159,65,7.19,99,0,49.4,99,8.28,99,0.1,7313.557962,19126637,3.1,13.5
73,161,70,7.1,99,57,48.6,99,8.36,99,0.1,586.145975,18912412,3.1,13.8
72.7,163,75,6.97,98,6,47.8,99,8.27,99,0.1,477.182746,186917361,3.2,13.8
72,17,81,6.85,96,0,46.9,99,7.7,99,0.1,3623.47667,184738458,3.2,14
71.8,172,88,6.95,97,2,46.1,99,6.94,99,0.1,359.587582,182482149,3.3,14.8
71.4,176,95,7,92,1,45.3,99,7.13,99,0.1,2819.649531,1815121,3.3,14.6
71,179,103,7.13,91,1,44.5,99,7.19,98,0.1,3146.95177,1777567,3.4,14.3
75,183,111,7.26,94,36,43.7,99,7.3,98,0.1,3739.11936,175287587,3.4,14.1
59.3,268,39,0.01,91,343,18.8,91,4.96,91,0.6,75.1464113,17585977,8.2,7.7
59,27,40,4.64,88,375,18.2,89,5.91,88,0.7,699.452847,1772723,8.4,7.5
58.6,271,41,4.75,9,7362,17.7,9,5.33,9,0.8,673.8227,16571216,8.6,7.2
58.1,275,42,4.51,91,860,17.1,9,5.17,91,0.9,666.842783,168194,8.8,6.7
57.5,279,43,4.55,91,2511,16.6,9,7.17,91,1,575.4464527,1565217,9,6.3
56.9,283,44,4.55,92,54118,16.1,91,7.41,92,1.1,552.7455521,1514199,9.3,5.9
56.1,288,45,4.5,93,395,15.6,92,6.77,93,1.5,569.7612784,14689726,9.5,5.4
55.3,293,46,4.58,89,12,15.1,93,6.63,89,1.7,475.11122,1425221,9.8,4.9
54.3,32,47,4.73,76,125,14.6,94,6.58,86,2,422.6332374,13829177,1,4.7
59.1,297,22,0.01,95,0,18.2,95,7.54,95,0.7,312.7489794,989179,7.4,10.6
58.6,33,22,0.01,96,0,17.6,96,8.3,96,1,282.7555252,96186,7.4,10.5
58,312,22,0.01,96,49,17.1,96,8.21,96,1.2,265.285651,931971,7.5,10.3
57.4,321,22,4.16,96,129,16.6,95,8.58,96,1.5,26.479973,94358,7.6,9.9
56.8,33,23,4.16,96,495,16.1,94,8.82,96,1.9,231.1943256,876693,7.7,9.3
56.2,338,23,4.05,94,305,15.7,96,6.96,94,2.4,24.944652,848931,7.8,8.6
55.3,35,23,4.33,92,173,15.2,89,7.86,92,2.9,196.2472628,8212264,7.9,7.9
54.8,355,24,4.54,99,43,14.8,93,1.3,99,3.4,17.79995,7939573,8,7.2
54.1,361,24,4.5,92,784,14.5,88,11.49,92,3.8,165.8794176,7675338,8.1,5.9
53.4,369,24,5.54,87,0,14.1,82,9.84,87,4.3,15.57434,7423289,8.2,5.6
52.6,378,24,5.72,83,2,13.8,76,7.1,83,4.8,127.4296648,7182451,8.4,5.2
73,117,0,0.01,97,0,3.5,95,4.76,95,0.2,3529.61843,526437,6.8,13.5
72.8,12,0,0.01,94,0,29.7,93,4.29,93,0.2,3558.796314,5216,6.9,13.6
72.7,121,0,0.01,94,0,29,94,4.61,94,0.3,348.482762,513979,7.1,13.2
72.6,122,0,5.07,9,0,28.2,9,4.6,9,0.3,367.429453,5867,7.3,13.1
72.5,123,0,4.75,98,0,27.5,99,4.83,99,0.4,3312.825985,52384,7.4,12.7
72.4,124,0,4.45,98,0,26.8,99,4.24,99,0.4,3444.5566,496963,7.6,12.4
72.4,124,0,4.16,98,0,26.2,99,3.96,99,0.4,3638.95946,491723,7.8,12.2
72.3,126,0,5.28,96,0,25.5,98,4.3,98,0.6,3112.285712,486438,8.1,11.9
72.1,129,0,4.25,95,0,24.9,97,5.11,96,0.6,234.28992,48795,8.3,11.9
71.8,134,0,4.26,93,0,24.3,95,4.86,95,0.8,248.13459,474567,8.5,11.2
71.4,14,0,4.19,91,0,23.7,94,5.6,93,0.8,1976.45856,467664,8.7,11.1
71.1,144,0,4.16,66,0,23.2,93,5,92,0.9,1768.92132,46147,8.9,11.3
77,148,0,3.82,4,0,22.6,92,5.17,91,0.8,1373.515636,45216,9.2,11.3
68.3,179,11,0.01,88,0,18.9,87,5.68,88,0.2,198.687123,152779,1.9,10.9
67.8,183,11,0.01,83,0,18.2,66,5.93,83,0.2,128.419568,1522692,11,10.8
67.4,186,12,0.01,86,15,17.6,84,6.24,86,0.3,95.244132,14776866,11,10.7
67,19,13,2.12,88,722,17,87,5.64,88,0.3,882.491462,14537886,11,10.7
66.6,192,14,2.2,89,1156,16.4,88,5.95,89,0.5,785.6928841,143874,11,10.6
66.1,195,15,2.13,92,4779,15.9,95,6.36,94,0.6,738.2326684,14928,11.1,10.5
65.6,199,16,2.24,91,4211,15.3,91,5.55,91,0.7,745.7877873,138859,11.2,10.5
65,24,16,2.08,82,394,14.8,82,3.75,82,0.9,631.675789,13676693,11.3,10.3
64.1,216,17,2.03,8,188,14.3,8,4.48,8,1.1,539.8791529,13474489,11.4,10.1
56.7,366,47,0.01,87,831,28.4,86,4.1,87,3.7,1441.1417,2223994,5.7,10.4
56.4,364,48,0.01,89,760,27.8,88,4.29,89,4,1365.34419,21655715,5.8,10.4
55.9,369,50,0.01,85,609,27.2,85,4.34,85,4.6,1255.648189,2182383,5.9,10.4
55.6,371,51,6.19,82,504,26.6,8,3.96,82,4.9,1295.649726,252447,6,10
55.3,37,53,6.15,84,240,26,83,5.28,84,5.5,1182.869227,1997495,6.1,9.7
54.8,373,54,5.89,8,251,25.4,79,5.7,8,6.3,123.19538,19432541,6.3,9.2
54.2,382,56,5.9,84,495,24.9,82,5.18,84,6.7,1233.524316,18978,6.4,8.8
53.6,395,57,5.44,82,100,24.4,81,4.76,82,7,111.71186,18395389,6.6,8
53.3,394,58,5.22,81,196,23.8,78,4.69,81,7.2,12.989164,17899562,6.7,8.2
52.8,4,58,5.03,79,605,23.3,79,4.75,8,7.4,952.1872484,1742795,6.9,8.3
82,65,2,8.1,55,418,66.4,91,1.45,91,0.1,544.43376,35544564,0.5,15.9
81.8,67,2,8.2,55,83,65.8,91,1.67,91,0.1,52413.72116,35155451,0.5,15.9
81.6,68,2,8.3,7,10,65.3,99,1.78,95,0.1,52496.69487,3475545,0.5,15.9
81.5,68,2,8.2,7,803,64.7,87,1.82,87,0.1,5282.2176,3434278,0.5,15.9
81.2,7,2,8.4,56,99,64.1,88,11.2,89,0.1,47447.4762,345274,0.5,15.9
81,72,2,8.4,42,14,63.6,89,11.17,91,0.1,4773.45436,33628571,0.5,15.9
87,74,2,8.3,28,62,63,89,1.3,92,0.1,46596.33599,33245773,0.5,15.8
85,74,2,8.3,14,101,62.5,9,9.83,94,0.1,44544.5268,32887928,0.5,15.8
85,75,2,8.2,14,13,61.9,95,9.75,95,0.1,4386.69948,325755,0.5,15.8
81,76,2,8,14,6,61.3,93,9.57,93,0.1,36189.58838,32312,0.5,15.8
80,77,2,7.8,14,7,6.6,91,9.56,91,0.1,31979.87195,31995,0.5,15.8
79.7,78,2,7.7,14,15,6,88,9.54,91,0.1,28172.14883,31676,0.5,15.8
58,437,15,0.01,47,210,22.1,47,4.2,47,4.5,377.132274,4515392,8.4,7.1
49.9,451,16,0.01,23,596,21.6,23,3.82,23,5.1,337.4849614,4499653,8.5,7.1
53,439,16,0.01,47,141,21.2,47,3.62,47,5.1,486.41114,449416,8.7,7.1
49.8,443,16,1.66,47,679,2.7,47,3.73,47,5.8,494.336779,4476153,8.8,6.8
49.2,446,17,1.67,45,2,2.2,46,3.9,45,6.6,446.4434494,4448525,9,6.6
48.6,453,17,1.56,42,11,19.8,45,3.58,42,7.3,449.961839,44423,9.1,6.4
52.6,362,46,0.01,37,1275,18.7,44,3.62,37,2.9,125.998515,13569438,8.7,7.3
52.2,366,46,0.64,39,226,18.2,46,3.42,39,3.1,986.13177,13133589,8.8,7.3
51.8,367,46,0.62,4,120,17.9,51,3,4,3.6,973.472574,1275135,9,7.3
51.6,365,46,0.56,33,8650,17.5,4,3.17,33,3.9,989.2363633,12288651,9.2,6.7
51.2,364,46,0.5,39,194,17.1,43,2.95,39,4.1,896.5697341,1188722,9.4,6.7
57,37,46,0.47,24,165,16.7,32,3.31,24,4.4,84.455939,1152786,9.6,6.3
49.6,394,46,0.45,17,63,16.4,3,2.92,19,4.7,929.772391,11133861,9.8,6
83,83,2,7.16,95,0,63.1,95,7.79,95,0.1,14817.37778,17613798,0.8,16.2
81,84,2,7.2,9,0,62.5,9,7.53,91,0.1,15941.39722,17462982,0.8,15.6
79.9,84,2,6.76,9,0,61.8,9,7.24,9,0.1,15431.9293,1739746,0.8,15.5
79.8,86,2,7.26,94,6,61.2,93,7,94,0.1,1475.69242,17153357,0.8,15.4
79.1,89,2,7.93,92,0,6.6,92,6.97,92,0.1,1286.17764,16993354,0.8,15.2
79.3,91,2,7.67,94,1,59.9,94,7.39,94,0.1,1243.32824,16829442,0.8,15.3
79.6,88,2,7.31,95,0,59.3,95,6.87,95,0.1,1781.3668,16661942,0.9,15.2
78.9,9,2,7.39,92,0,58.7,95,6.35,96,0.1,1526.87746,16491687,0.9,14.8
78.9,91,2,7.33,95,0,58.1,94,6.18,94,0.1,9484.681227,16319792,0.9,14.9
75.8,86,171,5.78,99,52628,31.9,99,5.55,99,0.1,7683.5238,136427,3.7,13.1
75.6,88,185,5.79,99,26883,3.9,99,5.39,99,0.1,777.77594,135738,3.8,12.7
75.4,89,201,5.74,99,6183,3,99,5.26,99,0.1,6337.882993,135695,3.9,12.4
75.2,91,215,5.63,99,9943,29,99,5.3,99,0.1,5633.79616,134413,4.1,12.8
75,92,231,5.75,99,38159,28.1,99,4.89,99,0.1,456.512487,133775,4.2,12.5
74.9,93,248,4.88,99,52461,27.3,99,5.8,99,0.1,3838.434292,133126,4.4,12.2
74.5,97,266,4.27,95,131441,26.5,99,4.59,97,0.1,3471.247547,1324655,4.5,11.9
74.4,96,285,3.88,92,109023,25.7,94,4.32,93,0.1,2695.366223,1317885,4.7,11.4
74.2,98,307,3.28,91,99602,24.9,94,4.52,93,0.1,299.229676,13112,4.8,11
73.9,99,332,2.92,84,124219,24.1,87,4.66,87,0.1,1753.4178,13372,5,10.6
73.5,11,360,3.04,79,70549,23.4,87,4.72,87,0.1,158.668462,129675,5.1,10.2
73.1,13,391,2.96,75,71879,22.6,87,4.82,86,0.1,1288.642924,12884,5.3,9.9
72.7,16,422,2.91,7,58341,21.9,86,4.79,86,0.1,1148.5857,1284,5.5,9.7
72.2,11,457,2.84,65,88962,21.2,86,4.56,86,0.1,153.1824,127185,5.7,9.6
71.7,115,490,3.06,6,71093,2.5,86,4.6,85,0.1,959.372181,1262645,5.9,9.5
74.6,144,11,4.38,9,0,57.2,9,7.2,9,0.1,7913.383432,47791911,2.1,13.6
74.4,145,11,4.41,91,1,56.4,91,6.84,91,0.1,83.5863,47342981,2.1,13.3
74.3,143,11,4.44,92,1,55.7,91,6.93,91,0.1,7884.984429,46881475,2.1,13.2
74.2,144,12,4.37,85,6,55,85,6.64,85,0.1,7227.73968,4646646,2.2,13
73.6,15,12,4.28,88,0,54.2,88,6.76,88,0.1,625.65544,4591897,2.2,12.8
73.6,15,13,4.34,92,0,53.5,92,7.1,92,0.1,5148.422113,45416181,2.2,12.4
73.5,146,14,4.45,92,0,52.8,92,6.62,92,0.1,5433.7245,4491544,2.3,12.2
73.5,144,14,4.66,93,0,52,93,6.25,93,0.1,4674.21961,44374572,2.3,11.9
73.1,147,15,4.53,93,0,51.3,94,6.11,93,0.1,379.78776,43835722,2.3,11.5
73.1,144,15,4.38,93,0,5.5,93,5.82,93,0.1,3386.256,43285634,2.4,11.1
72.8,148,16,4.26,89,0,49.8,89,5.37,89,0.1,274.249442,42724163,2.4,11.3
72.4,15,16,4.25,92,0,49,92,5.92,92,0.1,2246.257472,42152151,2.5,11.6
71.8,163,17,4.45,78,139,48.2,83,5.67,81,0.1,2355.725857,41572491,2.5,11.5
71.5,165,17,4.43,8,3,47.5,83,5.96,8,0.1,2395.856551,498899,2.5,11.4
71.4,167,18,4.66,78,1,46.7,82,5.91,79,0.1,2472.197831,443958,2.6,11.3
63.2,23,1,0.01,88,0,23.7,87,6.75,87,0.8,852.954379,759385,6.8,11.1
62.9,233,1,0.01,88,0,23.2,85,6.51,87,0.8,834.341949,7415,6.8,10.9
62.5,237,2,0.01,89,1,22.6,85,7.11,86,0.8,788.632653,723868,6.9,10.8
62.2,241,2,0.12,83,3,22.1,85,6.1,83,0.2,829.7586885,76569,7,10.6
61.8,246,2,0.15,74,0,21.6,82,5.82,74,0.1,769.1742883,689692,7.1,10.5
61.3,251,2,0.17,83,1,21.1,84,3.82,83,0.1,778.5454199,673252,7.2,10.3
61,255,2,0.12,81,0,2.6,81,5.13,81,0.1,795.97519,657229,7.2,10.2
66,259,2,0.16,75,0,2.1,75,4.93,75,0.1,72.759313,64162,7.3,10
63,262,2,0.25,69,85,19.6,69,4.57,69,0.1,648.38717,626425,7.4,9.9
60,266,2,0.24,68,912,19.2,67,4.32,68,0.1,621.93372,611627,7.5,9.7
59.8,269,2,0.27,77,0,18.8,73,3.96,76,0.1,616.4197236,597228,7.5,9.5
59.6,271,2,0.26,28,0,18.4,8,3.65,8,0.1,544.566526,583211,7.6,9.2
79.5,96,1,3.45,91,1,59.5,91,9.31,91,0.1,1647.44179,4757575,1.7,13.9
79.4,96,1,3.42,94,0,58.5,95,9.47,95,0.1,1569.66631,47641,1.7,13.7
79.2,97,1,3.34,91,0,57.5,9,9.56,91,0.1,9985.36959,4654122,1.8,13.6
79,98,1,3.41,84,0,56.5,82,9.73,85,0.1,9186.59639,46474,1.8,13.4
78.1,16,1,3.58,89,0,55.5,93,9.66,88,0.1,8199.414621,454528,1.8,13.3
79.2,96,1,4.07,87,0,54.4,8,9.69,86,0.1,689.396224,4488263,1.9,13.1
78.9,99,1,4.22,89,0,53.4,89,9.1,9,0.1,6911.136136,442958,1.9,12.9
78.9,93,1,4.2,89,0,52.4,89,8.37,89,0.1,612.623418,4369469,1.9,12.8
78,16,1,4.15,88,0,51.4,89,7.82,89,0.1,5245.187372,438794,2,12.6
78.6,97,1,4.1,9,1,5.3,91,7.74,91,0.1,4697.11135,4247841,2,12.4
77.7,12,1,4.09,89,0,49.3,9,7.8,9,0.1,4425.57467,418738,2.1,12.2
78,1,1,4.04,86,1,48.3,88,8.45,88,0.1,4167.71417,4125971,2.2,12.1
78.3,99,1,4.17,94,0,47.3,94,8.23,94,0.1,462.14965,46324,2.2,11.9
77.5,1,1,4.29,8,0,46.4,92,7.25,91,0.1,3981.52847,3996798,2.3,11.7
77.6,98,1,4.34,89,0,45.4,8,7.12,88,0.1,388.363689,3925443,2.4,11.6
63,252,1,0.38,78,0,34.4,78,1.57,78,2.1,174.91511,912164,5.6,6.3
62.7,256,1,0.53,82,28,33.8,82,9.14,82,2.1,1622.637974,896688,5.6,6.3
62.2,263,1,0.52,81,709,33.2,81,8.95,81,1.9,1536.15685,881185,5.6,6.3
61.8,268,1,0.39,87,49,32.7,87,8.71,87,2.7,143.986898,865937,5.6,5.9
61.3,273,1,0.44,88,7,32.2,88,8.84,88,3.1,1325.99724,851146,5.6,5.5
69,279,1,0.49,89,48,31.7,89,8.37,89,3.2,1253.657431,83684,5.7,5.3
62,289,1,0.49,88,143,31.3,89,8.5,89,3.3,1214.77118,822934,5.7,5
59.8,296,1,0.45,25,24,3.9,88,7.72,88,3.5,147.586896,8942,5.8,4.5
73.6,154,6,5.92,89,0,57.9,9,4.38,91,0.3,6268.692122,145844,3.3,13.2
73.4,157,6,5.93,8,0,56.8,82,4.12,83,0.3,627.55544,1281296,3.3,13.2
72.1,174,6,5.93,74,0,55.8,85,4.26,85,0.4,5968.876767,115495,3.3,13.1
73.1,16,6,5.91,8,2,54.7,84,4.22,84,0.7,5759.643,12795,3.3,13
72.7,166,6,6.02,83,0,53.6,85,4.6,88,0.9,5451.6696,9897985,3.3,12.9
73.6,157,6,6.05,8,0,52.6,85,4.41,82,1.2,4952.67753,9767758,3.4,12.9
73.3,161,6,6.12,81,0,51.5,86,4.2,82,1.4,511.37937,963652,3.4,12.8
72.9,164,6,6.05,81,0,5.4,86,4.34,85,1.6,4647.31359,954353,3.4,12.7
72.3,178,7,6.2,84,0,49.3,88,4.34,89,1.8,3836.468771,9371338,3.5,12.6
69.7,28,7,5.71,87,0,48.2,86,4.26,87,2,3681.5993,9237566,3.5,12.6
69.3,214,7,5.16,82,0,47.2,66,4.28,79,2.1,2421.9662,912998,3.6,12.5
73,22,7,6.32,79,0,46.1,65,5.53,79,2.3,2372.628827,896776,3.6,12.4
71.4,189,7,6.43,63,0,45.1,74,5.79,82,2.4,38.46578,8832285,3.7,12.3
71.2,188,7,6.13,66,113,44.1,71,5.59,72,2.5,2862.154836,8697126,3.8,12.3
72,176,7,6.58,68,253,43.1,71,5.9,78,2.5,282.4242,8562622,3.8,12.2
76,121,6,3.82,83,0,53.5,84,9.16,83,0.1,6432.216537,1593112,1.2,14
76,121,6,3.77,87,0,52.8,87,7.29,87,0.1,674.9829,15661547,1.3,13.4
75.5,127,7,3.92,88,72,52.1,85,6.48,87,0.1,572.14313,15419666,1.3,13.3
75.3,131,7,3.99,88,257,51.4,85,5.92,88,0.1,5223.351763,15177355,1.3,13.2
75,134,7,3.95,9,0,5.7,88,5.9,91,0.1,4657.32361,1493469,1.3,13.1
75.1,137,7,3.87,91,0,5,91,5.58,94,0.1,4255.56571,14691275,1.3,13.1
74.6,139,7,3.76,93,1,49.3,94,5.66,96,0.1,4274.95265,14447562,1.3,13
74.7,14,7,3.63,94,0,48.6,95,5.94,96,0.2,359.71886,1425453,1.4,12.9
74.4,144,8,3.52,96,0,47.9,92,5.86,96,0.3,335.786541,1396748,1.4,12.8
74.2,151,8,3.54,92,0,47.2,89,5.87,92,0.3,321.942547,13735233,1.4,12.8
74.4,148,8,3.65,88,0,46.5,9,6.22,88,0.3,278.557892,1359647,1.5,12.7
74.4,151,8,3.69,82,0,45.8,97,6.46,87,0.3,244.46898,1328961,1.5,12.6
73.6,157,8,3.88,75,0,45.1,88,4.62,88,0.3,2183.966796,13726,1.5,12.5
73.4,158,9,4.13,69,2,44.3,9,3.86,89,0.3,193.741571,12852755,1.6,12.4
72.8,163,9,3.99,36,0,43.6,83,3.38,87,0.3,1451.29776,12628596,1.6,12.4
73.3,181,2,2.52,93,0,55.4,93,6.77,94,0.2,3988.771871,6281189,1.6,13.2
73,184,2,2.42,92,0,54.7,92,6.95,92,0.2,3895.664491,625777,1.6,13.2
73,181,2,2.48,92,0,54.1,93,6.7,92,0.3,3827.786267,6221246,1.6,13.2
72,197,2,2.37,89,0,53.4,9,6.81,89,0.3,3736.58713,619256,1.7,13
72,191,2,2.36,89,0,52.8,89,6.91,89,0.3,3474.392445,6164626,1.7,12.9
71.4,23,2,2.55,91,0,52.1,91,6.83,91,0.3,3366.482133,6137276,1.7,12.8
71.7,194,2,2.68,98,0,51.4,98,6.21,98,0.3,357.347674,61131,1.8,13.4
71.2,23,2,2.83,99,0,5.8,99,6.32,99,0.3,334.83817,683475,1.8,12.9
75,211,3,2.77,96,0,5.1,96,6.68,96,0.2,362.951768,656478,1.8,12.9
71,213,3,2.77,89,0,49.4,89,7.19,89,0.2,2835.281237,628961,1.9,12.7
70,215,3,2.9,9,0,48.6,9,7.3,9,0.3,2632.79942,6775,1.9,12.4
69.9,29,3,3.1,94,0,47.8,93,7.61,94,0.3,2519.737387,5971535,2,12
73,24,3,2.97,81,0,47,81,7.9,81,0.4,248.4125,59433,2,11.8
68.9,219,4,2.88,75,2,46.2,94,8.2,92,0.4,2338.772244,595962,2.1,11.6
69,218,4,2.79,99,0,45.3,98,8.17,99,0.4,2238.4116,5867626,2.1,11.3
57.9,32,3,0.01,2,13,24,24,3.8,2,4.4,192.59733,1129424,8.5,9.2
62.9,286,6,0.62,96,48,16.5,96,3.6,96,0.7,582.775532,447469,8.8,5
62.1,298,6,0.61,9,51,16,9,3.24,9,0.9,482.14994,43984,8.9,5.1
61.4,311,6,0.63,92,82,15.5,92,3.3,92,1,43.7544499,431334,9,5.2
67,322,6,0.49,94,0,15.1,94,3.69,94,1.1,326.825642,4232636,9.1,5.2
62,329,6,1.23,91,55,14.7,91,3.29,91,1.3,317.3294336,4153332,9.2,5.3
59.7,336,7,0.97,94,128,14.3,94,3.3,94,1.4,297.828588,466648,9.3,5.3
59.4,34,7,1.07,96,19,13.9,96,2.97,96,1.6,276.75896,39697,9.4,5.4
59.1,342,7,0.64,84,24,13.6,98,3.14,98,1.8,287.4222243,3858623,9.6,5
58.8,343,7,0.56,91,376,13.3,95,3.5,93,1.9,232.7945459,3738265,9.7,4.7
58.5,343,7,0.83,86,460,13.1,92,4.2,9,1.9,21.7687981,3614639,9.9,4.4
77.3,122,0,0.01,93,0,59.4,93,6.38,93,0.1,19941.45532,1314545,1.9,16.5
76.9,127,0,0.01,93,2,59,94,6.48,94,0.1,1929.7746,1317997,1.9,16.5
76.3,135,0,0.01,94,4,58.5,94,6.36,94,0.1,17421.8922,1322696,1.9,16.5
76.1,138,0,0.01,94,7,58,93,5.83,93,0.1,17454.84342,1327439,1.9,16.4
75.6,137,0,14.97,94,0,57.6,94,6.25,94,0.1,14638.6482,1331475,1.9,16.2
74.9,156,0,15.04,95,0,57.1,95,6.93,95,0.1,14726.31828,1334515,2,16.1
74.2,167,0,16.99,94,0,56.7,95,6.6,95,0.1,1894.5485,13379,2,16.1
73,189,0,17.87,95,1,56.3,95,5.16,95,0.1,16586.452,13468,2,16.1
73,188,0,16.58,95,27,55.9,95,5.1,95,0.1,12595.4165,134681,2.1,16.1
72.8,189,0,15.52,95,2,55.5,96,5.2,96,0.1,1338.31322,1354775,2.1,15.9
72.3,195,0,15.07,9,0,55.2,95,5.13,94,0.1,885.465115,136255,2.2,15.7
64.2,234,140,0.01,77,12739,17.2,75,4.88,77,0.6,571.1622759,97366774,1.5,8.4
63.7,237,145,1.86,72,5253,16.8,7,5.19,72,0.9,52.1535887,94887724,1.6,8.4
63.3,241,150,1.84,69,4347,16.4,7,5.77,69,1.2,468.567249,92444183,1.7,8.4
62.6,249,156,1.32,65,3255,16,7,6.55,65,1.4,354.8463544,946756,1.9,8.2
61.8,261,162,1.34,62,4235,15.6,69,6.86,61,1.7,341.39992,877267,11,8.1
68,274,169,1.17,56,1176,15.3,65,4.41,58,2,379.7566385,85416253,11.1,8.1
59.8,289,177,1.13,52,3511,14.9,63,4.28,54,2.4,325.3825543,83184892,11.2,7.6
58.5,39,186,1.06,47,1446,14.5,61,4.69,5,2.8,243.326822,8149,11.3,7.1
69.7,19,0,0.01,99,0,61.9,99,4.49,99,0.1,546.3728,88586,4,15.2
69.6,192,0,0.01,99,0,61.1,99,4.26,99,0.1,4763.68956,879715,4,15
69.4,195,0,0.01,99,0,6.2,99,4.16,99,0.1,4546.73854,873596,4,14.9
69.2,197,0,0.01,99,0,59.5,99,4.6,99,0.1,4353.121392,86786,4,14.7
69.1,2,0,2.25,99,0,58.7,99,4.23,99,0.1,3651.966784,85995,4,14.6
68.9,23,0,2.31,99,1,58,99,4.26,99,0.1,3369.48247,851967,4,14.5
68.7,26,0,1.95,99,0,57.3,99,3.68,99,0.1,4177.657789,84334,4,14.3
68.6,29,0,2.09,99,0,56.6,99,3.74,99,0.1,478.82327,834812,4.1,14.2
68.5,211,0,2.06,99,136,55.9,98,3.84,98,0.1,3749.939813,827411,4.1,14
68.3,214,0,2.02,99,0,55.1,97,3.61,96,0.1,3658.63832,821817,4.1,13.9
68.1,218,0,1.63,99,37,54.2,96,3.61,95,0.1,3332.918533,818354,4.2,13.4
68,22,0,1.76,99,305,53.2,95,3.35,94,0.1,2835.973972,816628,4.2,13.3
67.9,22,0,1.85,99,304,52.2,94,3.48,93,0.1,2259.55796,815691,4.2,13.3
67.8,221,0,1.93,98,17,51.2,92,3.28,91,0.1,238.891729,814218,4.3,13.2
67.7,221,0,2.05,98,0,5.2,91,3.87,9,0.1,276.1338,811223,4.3,13.1
82.2,79,3,11.5,83,267,62,98,11.54,98,0.1,42955.24287,66331957,0.6,16.2
82,81,3,11.1,74,272,61.6,99,11.56,99,0.1,42554.1225,6599857,0.6,16.2
81.5,83,3,11.5,78,0,61.1,99,11.44,99,0.1,4838.2444,6565979,0.6,16.1
81.7,83,3,11.8,74,14949,6.6,99,11.33,99,0.1,4381.288,65342776,0.6,16.1
81.3,86,3,11.7,65,5048,6.1,99,11.2,99,0.1,473.34279,6527512,0.6,16
81.1,88,3,11.8,51,1541,59.6,98,11.28,98,0.1,41631.13141,647744,0.6,16
89,88,3,11.9,47,604,59.1,98,1.57,98,0.1,45413.6571,6437499,0.6,16.1
89,89,3,12.2,42,39,58.6,99,1.45,98,0.1,416.58397,6416229,0.6,16.1
86,92,3,12.4,39,40,58,99,1.53,99,0.1,36544.5853,63621376,0.6,16.1
81,93,3,12.2,35,36,57.5,98,1.6,98,0.1,34879.72633,63179356,0.6,15.5
82,94,3,13.18,35,4448,57,99,1.53,98,0.1,33874.74255,6274897,0.6,15.5
79.3,99,3,13.49,28,0,56.4,96,1.43,97,0.1,29691.18158,62244884,0.6,15.4
79.2,11,3,13.78,29,5185,55.8,97,1.22,97,0.1,24275.2426,6185267,0.7,15.5
79,13,3,13.89,28,0,55.2,98,9.89,97,0.1,22527.31775,61357431,0.7,15.6
78.8,13,3,13.63,26,10000,54.6,98,9.77,97,0.1,22465.64184,6912498,0.7,15.7
65.5,237,2,0.01,7,33,35.8,68,3.44,7,2.8,9692.163874,1875713,6.1,12.6
64.6,255,2,8.86,79,122,35.2,77,3.98,79,3.7,9679.742995,1817271,6.2,12.5
63.5,276,2,8.3,82,2,34.6,8,3.13,82,4.9,9774.18117,1756817,6.3,12.5
62.8,289,2,8.9,75,2,34.1,75,3.12,75,6,1716.2258,169711,6.4,12.5
62.3,294,2,8.85,67,1,33.5,68,3.41,67,7,8754.113376,16421,6.5,12.5
61.7,31,2,8.64,79,0,33,74,3.43,76,8,763.66223,1586754,6.7,12.4
61.6,298,2,8.75,82,3,32.4,81,2.54,82,8.9,194.2746,1536411,6.8,12.4
61.6,291,2,9.02,75,0,31.9,78,2.86,81,10,8352.81711,1489193,6.9,12.4
61.4,288,2,8.01,52,90,31.4,44,2.88,45,10.7,727.777345,1444844,7.1,12.4
65,37,2,7.72,28,0,3.8,44,2.76,45,10.9,6741.2939479999995,143126,7.2,12.4
74.5,125,1,6.13,91,3188,55.3,91,7.42,91,0.1,4429.6575,3727,2.7,13.5
74.5,128,1,5.91,96,7872,54.4,94,7.25,93,0.1,4274.376857,3776,2.7,13.5
74.2,13,1,7.71,92,31,53.6,93,8.57,92,0.1,4142.869175,3825,2.6,13.4
73.9,127,1,8.14,89,64,52.8,88,9.38,94,0.1,3725.63221,3875,2.6,13.3
73.8,132,1,7.24,95,22,52,88,1.5,92,0.1,2964.47734,3926,2.6,13.3
73.2,133,1,6.66,54,23,51.3,93,1.19,88,0.1,276.588512,3978,2.6,12.8
73.9,128,1,7.17,89,56,5.5,9,8.99,92,0.1,3174.9491,43,2.6,13.1
74.4,12,1,8.65,94,44,49.9,88,8.17,98,0.1,2492.12878,482,2.7,12.5
73.9,126,1,6.18,84,334,49.2,89,8.39,88,0.1,1872.68416,4136,2.7,12.6
73.9,128,1,4.7,79,1356,48.6,82,8.6,82,0.1,153.57521,419,2.8,12.2
72.3,134,1,3.74,64,6847,48.1,66,8.53,78,0.1,127.367228,4245,2.8,12
72.7,132,1,3.36,48,216,47.5,74,8.49,75,0.1,928.18227,431,2.9,11.8
71.7,142,2,2.72,51,199,47,89,8.72,84,0.1,779.3845935,4357,2.9,11.8
73,121,2,2.76,61,35,46.5,83,7.82,87,0.1,733.974142,43864,3,11.7
71.8,129,2,3.28,55,50,46,81,6.94,8,0.1,691.997711,44183,3.1,11.4
62.1,253,37,0.01,98,124,28,93,3.56,98,0.8,1432.227943,26962563,6.4,11.7
61.9,254,38,0.01,9,319,27.3,91,4.63,9,0.9,1814.492297,26346251,6.6,11.5
61.6,257,39,0.01,92,1613,26.7,91,4.79,92,0.9,1629.8222,2573349,6.7,11.2
61.2,263,40,1.64,91,120,26.1,91,4.81,91,1.3,1574.978653,25121796,6.9,10.9
69,267,40,1.69,94,641,25.5,94,5.33,94,1.9,1312.67557,2451214,7.1,10.5
66,271,41,1.76,94,101,24.9,94,5.17,94,2.1,186.76538,2393831,7.3,10.4
63,275,41,1.78,93,82,24.2,92,4.85,93,2.2,1224.41554,2329864,7.5,9.8
59.9,28,41,1.25,94,6,23.6,94,5.3,94,2.6,19.686718,227212,7.7,9.1
59.4,288,41,1.7,84,420,23,84,4.64,84,2.9,922.9351677,22113425,7.9,8.7
58.9,296,41,1.5,84,435,22.4,85,4.51,84,3.1,498.172394,215429,8.1,8.1
58.3,34,41,1.46,8,60,21.8,81,3.96,8,3.2,423.1936389,2986536,8.4,7.7
57.9,38,41,1.53,8,1939,21.2,8,3.12,8,3.4,373.2815537,2446782,8.6,7.9
57.6,31,42,1.6,8,12289,2.7,8,3.7,78,3.5,39.484473,19924522,8.8,7.6
88,73,0,7.53,96,1,66,99,8.8,99,0.1,21673.7817,1892413,0.8,17.2
86,74,0,7.46,98,3,65.4,99,9.26,99,0.1,21874.8195,1965211,0.8,17.1
84,76,0,8.2,98,3,64.9,99,9.24,99,0.1,22242.68193,114511,0.8,16.8
85,76,0,8.02,95,40,64.3,99,9.77,99,0.1,25916.29353,1114899,0.8,16.7
83,76,0,9,95,149,63.7,99,9.18,99,0.1,26917.75898,11121341,0.8,16.4
80,78,0,9.08,95,2,63.1,99,9.76,99,0.1,2971.973,111717,0.8,16.2
79.9,77,0,9.51,95,1,62.4,99,9.76,99,0.1,31997.2821,1177841,0.8,15.9
79.4,8,0,9.67,95,2,61.8,99,9.41,99,0.1,28827.32636,1148473,0.8,16.4
79.7,77,0,9.42,94,0,61.2,98,9.34,98,0.1,2481.15781,112362,0.8,16.3
79.3,81,0,9.95,93,122,6.5,96,9.36,96,0.1,22551.73574,1987314,0.8,15.6
79.2,81,0,9.56,92,1,59.9,95,8.3,95,0.1,21955.149,1955141,0.8,15.3
79.1,81,0,9.46,92,0,59.2,93,8.61,94,0.1,18477.57841,19287,0.8,15.2
79,81,1,8.09,91,5,58.6,92,8.72,92,0.1,1411.31339,19222,0.8,14.6
78.7,83,1,8.62,9,12,58,9,8.47,91,0.1,12538.17883,1862132,0.9,14.2
78.2,84,1,8.48,89,56,57.4,89,7.6,89,0.1,1242.95373,18588,0.9,13.9
71.7,187,10,1.88,73,0,49.9,65,6.2,73,0.4,3687.763767,15923559,1.2,10.7
71.4,189,11,1.93,85,0,49.3,84,6.3,85,0.4,3452.828934,15596214,1.2,10.7
71.3,189,11,2.02,96,0,48.6,94,6.33,96,0.4,3299.65139,1527156,1.2,10.6
71.1,193,11,2.16,88,0,47.9,88,6.28,88,0.4,3187.845296,14948919,1.2,10.5
77,196,12,2.14,94,0,47.2,94,6.64,94,0.4,2825.5247,1463417,1.3,10.5
76,198,12,2.14,92,0,46.5,92,6.79,92,0.4,2635.753474,1431628,1.3,10.4
79,19,13,2.21,95,0,45.9,96,6.65,95,0.4,2794.22189,146366,1.3,10.4
75,192,13,2.4,85,0,45.2,85,6.86,85,0.4,2489.955836,137286,1.3,10.1
69.7,24,14,2.38,89,0,44.5,9,7.7,89,0.4,2256.56724,133978,1.4,9.8
69.2,28,14,2.35,87,0,43.8,87,6.79,87,0.4,277.83438,139628,1.4,9.6
58.1,299,27,0.01,51,175,22.7,42,5.64,51,0.5,561.997387,118559,7.5,8.6
58.8,284,27,0.01,63,53,22.2,63,5.49,63,1,54.169324,11536615,7.7,8.5
58.4,288,28,0.01,62,6,21.7,63,5.39,62,1.9,52.3485646,11281469,7.8,8.5
58.1,29,28,0.22,63,11,21.2,63,4.73,63,2,459.2912,113517,8,8.4
57.8,291,29,0.2,64,45,2.8,62,4.55,64,2.2,438.7513346,179417,8.2,8.3
57.3,297,29,0.18,57,264,2.3,6,3.85,57,2.3,436.6895539,1556524,8.4,8.1
56.8,33,30,0.21,57,89,19.8,59,3.21,6,2.3,437.4467238,1323142,8.6,7.9
56.4,36,31,0.19,57,3,19.4,46,3.8,63,2.4,49.456775,196727,8.9,7.6
58.4,282,4,0.01,87,1,25.6,87,5.59,87,3.4,642.6256154,1725744,7.3,9.2
58.1,279,4,0.01,87,0,25,87,6.14,87,4.5,61.566347,1681495,7.5,9.1
57.6,285,4,0.01,87,0,24.3,87,5.96,87,5.3,67.7518833,1638139,7.7,9.1
57.1,289,4,3.57,86,0,23.7,85,5.46,86,5.7,692.69989,1596154,7.8,9
56.7,287,4,3.21,83,26,23.1,82,6.7,83,5.9,543.957418,155588,8,8.9
56.3,288,4,2.55,8,0,22.5,78,6.81,8,6,544.222779,1517448,8.3,8.9
66,217,0,7.64,98,0,45.9,97,5.25,98,0.3,43.82321,763393,5.5,10.3
65.9,218,0,7.56,98,0,45,98,5.1,98,0.3,3944.178173,75881,5.5,10.3
65.8,22,0,7.57,97,0,44.1,97,6.57,97,0.3,3785.935665,75391,5.6,10.6
65.6,229,0,7.56,93,0,43.2,93,6.8,93,0.4,3439.597513,7491,5.6,10.3
65.9,221,0,7.52,95,0,42.4,95,6.6,95,0.4,326.281212,746556,5.6,10.2
66.1,218,0,7.49,98,0,41.6,97,7.32,98,0.3,2716.35256,745693,5.6,10.5
66.3,218,1,7.32,93,0,4.9,93,7.46,93,0.8,2576.124957,746314,5.6,10.7
65.7,232,1,7.2,94,0,4.3,94,6.45,94,1.9,2327.58324,747869,5.7,11.2
65.2,24,1,7.04,93,0,39.6,92,4.67,93,1.1,1945.6395,74961,5.7,11.7
65,238,1,7.35,93,0,39,93,5.83,93,1.8,198.455216,75946,5.7,11.4
65.1,237,1,7.84,91,0,38.4,91,5.73,91,1.9,145.58861,751652,5.8,11.2
65.3,237,1,7.93,9,0,37.8,91,5.97,9,2.1,986.7958173,751857,5.8,11.1
65.3,244,1,7.73,91,0,37.1,93,5.84,91,2.3,96.8674827,751884,5.9,11
65.4,247,1,6.71,85,0,36.4,9,5.82,85,1.7,925.582546,752263,5.9,10.9
63.1,245,14,0.01,48,0,48.8,55,7.56,48,0.5,83.1148117,1572466,3.9,9.1
62.7,253,14,5.68,68,0,47.7,67,8.1,68,0.5,81.265673,1431776,3.9,9.1
74.5,149,3,2.87,97,0,5.2,97,8.72,97,0.3,2242.711912,889216,2.1,11.4
74.3,15,4,3.11,97,0,49.3,97,9.15,97,0.4,2136.77395,8657785,2.2,11.6
74.1,151,4,3.11,97,0,48.4,97,9.78,97,0.4,2178.38325,855646,2.2,11.6
73.9,153,4,3.1,97,0,47.6,97,8.57,97,0.4,212.584798,83516,2.2,11.7
73.6,156,4,3.1,97,0,46.8,97,8.45,97,0.4,1932.85829,8194778,2.3,11.5
73.4,157,4,3.08,97,0,45.9,97,8.84,97,0.5,1815.489496,83521,2.3,11.3
73.2,159,4,3.14,92,0,45.1,93,8.4,93,0.6,1751.595857,7872658,2.3,11.1
73,16,5,3.16,93,0,44.3,94,7.89,94,0.7,1592.572182,777972,2.4,10.9
72.8,161,5,3.23,94,0,43.5,94,7.63,95,0.8,1437.628785,754146,2.4,10.8
72.5,163,5,3.23,97,0,42.8,98,7.81,98,0.9,1311.741714,737343,2.5,10.6
72.2,165,5,3.02,93,0,42,94,7.89,94,1.2,1217.657961,724153,2.6,10.4
71.9,166,6,3.04,91,0,41.2,92,8.29,92,1.4,1157.3427,733821,2.6,10.3
71.6,169,6,3.09,94,0,4.4,95,7.28,95,1.5,1132.8721,6863157,2.7,10.1
71.3,171,6,2.74,95,0,39.6,99,6.88,96,1.6,113.4546,669361,2.7,9.9
71,174,6,2.61,93,0,38.8,88,6.63,94,1.7,188.783165,6524283,2.8,9.8
68,184,957,3.07,79,79563,18.1,84,4.69,85,0.2,1573.11889,1293859294,26.8,11.6
67.6,187,1000,3.11,7,13822,17.5,82,4.53,83,0.2,1452.195373,127856227,26.8,11.5
67.3,19,1100,3.1,73,18668,17,79,4.39,82,0.2,1446.98541,126365852,26.9,11.3
66.8,193,1100,3,44,33634,16.4,79,4.33,82,0.2,1461.671957,124723629,26.9,10.8
66.4,196,1200,2.77,38,31458,15.9,76,4.28,79,0.2,1345.77153,12398691,27,10.4
66,2,1300,2.5,37,56188,15.4,73,4.38,74,0.2,19.317765,121427132,27,10.5
65.5,23,1300,1.93,29,44258,14.9,69,4.34,7,0.3,991.484634,119714696,27,10.2
65.2,26,1400,1.59,6,41144,14.4,67,4.23,64,0.3,118.166373,1179681239,27.1,9.9
64.8,28,1500,1.37,6,64185,13.9,66,4.25,65,0.3,792.259698,1161977719,27.1,9.7
64.4,211,1500,1.27,8,36711,13.5,65,4.28,65,0.3,77.819,1144118674,27.2,9.4
64,214,1600,1.2,6,55443,13,58,4.22,63,0.3,621.3183767,1126135777,27.2,9.2
68.9,179,119,0.09,78,12943,26.5,8,2.85,78,0.3,3491.595887,255131116,1.4,12.9
68.7,181,124,0.09,85,8419,25.6,86,2.93,85,0.3,362.663981,25232263,1.5,12.9
68.5,183,129,0.08,83,15489,24.7,84,2.9,83,0.3,3687.953996,248883232,1.5,12.6
68.3,185,134,0.08,81,21893,23.8,81,2.71,81,0.3,3634.27685,24577511,1.6,12.3
68.1,187,138,0.08,83,18869,22.9,82,2.74,81,0.3,3113.48635,242524123,1.6,12.1
67.9,189,143,0.08,82,20818,22.1,85,2.83,78,0.3,2254.44566,23934478,1.7,11.7
67.7,189,149,0.07,82,15369,21.3,83,2.81,77,0.2,216.52766,236159276,1.7,11.7
67.5,19,154,0.06,76,19456,2.5,77,3.1,73,0.2,1855.93915,232989141,1.8,11
67.3,191,159,0.06,66,20422,19.7,78,2.91,72,0.1,1586.254,22983822,1.8,10.9
67.2,19,163,0.06,65,15853,19,79,2.79,72,0.1,126.928834,22671273,1.9,11.1
65.3,213,174,0.06,64,29171,18.2,79,2.37,71,0.1,1148.56996,223614649,1.9,11
66.9,189,173,0.05,64,24457,17.5,8,2.53,71,0.1,164.59447,22545214,1.9,10.8
66.7,189,177,0.05,63,14492,16.7,8,2.27,7,0.1,899.5556857,2175859,11,10.6
66.5,188,182,0.06,62,3825,16,77,2.23,76,0.1,747.9817455,2145652,11,10.6
66.3,188,187,0.06,65,3344,15.4,72,1.98,75,0.1,78.92744,21154429,11,10.7
67.9,199,32,0.01,62,1317,58.5,67,5.54,64,0.1,673.74737,3568,5.3,10.1
69.5,17,32,0.01,66,669,57.8,7,5.92,68,0.1,6925.22446,33883145,5.3,10.3
76,147,32,0.01,61,15,57.2,7,5.26,69,0.1,6651.12242,32776571,5.3,10.5
77,144,32,0.17,77,15,56.5,8,3.32,79,0.1,5854.614497,3172753,5.3,10.4
76,145,32,0.19,72,492,55.8,74,3.82,74,0.1,452.74948,376271,5.3,10.4
74,148,32,0.2,75,30328,55.2,78,4.65,78,0.1,3735.144836,29894652,5.4,10.3
69.3,167,32,0.17,66,5494,54.5,71,3.93,69,0.1,4521.3247,29111417,5.4,10.3
65.9,227,31,0.14,56,230,53.8,74,3.69,57,0.1,3129.224922,2839433,5.4,10.2
64.7,249,31,0.03,59,474,53.2,63,3,59,0.1,2351.812429,27697912,5.4,10.2
66.8,29,31,0.18,65,908,52.5,69,4.13,65,0.1,1849.63911,278426,5.4,10.1
67.2,21,30,0.32,62,9081,51.9,69,5.61,74,0.1,1391.816923,2631669,5.4,9.8
82.2,6,1,2.62,97,6,64.6,95,7.81,95,0.1,37582.84624,82157,1.2,16
82.1,61,1,2.69,97,50,64.2,96,7.89,96,0.1,36393.66932,8595,1.2,15.9
81.8,6,1,2.78,97,211,63.8,94,7.73,94,0.1,32569.59683,7915,1.2,15.9
81.8,61,1,2.67,98,70,63.4,94,7.39,94,0.1,33657.15727,77658,1.2,15.8
81.7,61,1,2.63,97,23,63,95,7.36,95,0.1,3661.994,76236,1.2,15.7
81.5,63,1,2.55,98,5,62.6,96,7.46,96,0.1,27795.87671,74856,1.2,15.6
81,65,1,2.47,99,931,62.1,94,7.33,94,0.1,29657.4421,7388,1.1,15.8
84,68,1,2.33,99,539,61.6,95,7.37,95,0.1,258.637,7181,1.1,15.7
84,68,1,2.23,96,9,61.1,94,7.38,95,0.1,2195.1769,7537,1.1,15.7
80,71,1,2.41,96,2,6.6,95,7.44,93,0.1,2611.17931,6931,1.1,15.8
81,69,1,2.23,99,116,6.1,95,7.35,95,0.1,19888.172,689,1.1,15.9
79.7,71,1,2.32,98,124,59.6,93,7.44,93,0.1,18946.99942,66897,1.1,16
79.3,74,1,2.47,98,2,59.2,91,7.49,9,0.1,18431.15696,657,1.1,15.3
79.3,74,1,2.53,96,19,58.7,93,7.61,92,0.1,236.19646,6439,1.1,15.1
78.9,76,1,2.53,98,36,58.3,93,7.13,93,0.1,2152.1432,6289,1.1,15.2
75.8,133,1,3.83,92,0,53.5,93,5.36,92,0.5,4855.743789,286287,1.8,12.8
75.6,136,1,3.79,93,0,52.7,86,5.91,93,0.6,56.144952,285187,1.8,12.8
75.3,138,1,3.65,96,0,52,96,5.66,96,0.5,521.33363,284992,1.8,12.8
75.2,139,1,3.58,92,1,51.2,93,5.21,92,0.6,513.549487,2829493,1.8,12.8
75,138,1,3.55,94,0,5.5,94,5.3,94,0.5,4682.728424,281721,1.8,12.7
74.7,142,1,3.33,9,0,49.7,9,5.16,9,0.6,4293.383274,28482,1.9,12.7
74.5,145,1,3.51,92,2,48.9,91,5.4,91,0.4,492.492378,279122,1.9,12.6
74.2,148,1,3.64,92,0,48.1,94,4.87,92,0.9,462.517913,2775467,1.9,12.5
74,15,1,3.63,97,0,47.2,99,4.22,95,1.5,4313.1682,276279,1.9,12.5
73.5,161,1,3.59,99,0,46.3,99,4.7,99,1.9,482.24762,2744673,1.9,12.4
73.3,165,1,3.67,98,0,45.4,97,4.8,98,2.3,3719.97351,2728777,1.9,11.1
73.1,166,1,3.48,36,0,44.5,99,4.56,96,2.3,3465.221998,2712511,1.9,11.9
74,113,4,0.41,98,20,64.8,98,7.45,98,0.1,466.94775,88936,3.9,13.1
73.9,114,4,0.4,98,120,64,98,7.23,98,0.1,3992.86717,8413464,3.9,13.1
73.7,115,4,0.41,98,3,63.2,98,8,98,0.1,387.753211,7992573,3.9,12.9
73.6,116,4,0.43,98,0,62.4,98,8.39,98,0.1,387.324145,7574943,3.8,13.1
73.4,117,4,0.51,98,0,61.7,98,8.42,98,0.1,3679.19275,718239,3.8,13.2
73.3,118,4,0.59,98,0,6.9,98,9.54,98,0.1,3492.1396,6821116,3.8,13.6
73.1,119,4,0.61,97,2,6.1,98,8.78,97,0.1,3385.69665,6489822,3.8,13.6
73,12,4,0.6,98,41,59.3,98,8.35,98,0.1,2762.86354,6193191,3.8,13.6
72.8,121,4,0.59,98,1,58.6,98,8.8,98,0.1,2537.349,5934232,3.9,13.7
72.4,127,4,0.55,95,28,57.8,95,8.88,95,0.1,223.83787,5714111,3.9,13.8
72.5,125,4,0.54,95,21,57,95,9.5,95,0.1,261.456882,5535595,3.9,13.5
72.3,127,4,0.54,97,76,56.3,97,9.15,97,0.1,1889.213962,5396774,3.9,13.2
72.1,129,4,0.54,95,19,55.5,95,9.68,95,0.1,1812.288374,5287488,3.9,13
71.9,131,4,0.55,97,61,54.8,97,9.9,99,0.1,1728.2659,5193482,4,12.7
71.7,133,4,0.49,93,32,54,94,9.65,91,0.1,1657.889256,51313,4,12.6
69.9,22,5,6.29,95,321,52.3,95,4.36,95,0.1,1286.56511,17289224,2.4,15
69.5,28,5,6.48,99,73,51.4,98,4.3,98,0.1,1389.8561,1735275,2.4,15
69.1,214,6,6.82,95,55,5.6,98,4.32,99,0.1,12387.18982,16791425,2.4,14.7
68.5,224,7,6.63,99,127,49.9,99,4.6,99,0.1,11634.42422,165566,2.3,14.4
67.8,236,7,6.83,99,4,49.2,98,4.42,99,0.1,97.649972,16321581,2.3,14.5
67.8,235,7,6.64,99,0,48.5,99,4.13,98,0.1,7165.2775,169271,2.3,14.6
66.6,258,8,7.6,99,20,47.9,99,3.65,99,0.1,8513.564645,15674,2.4,14.6
65.3,288,8,7.44,94,13,47.3,94,3.19,93,0.1,6771.414797,15484192,2.4,14.7
65,295,8,7.08,99,109,46.8,99,3.73,99,0.1,5291.57565,153884,2.4,14.3
64.6,294,8,6.94,94,16118,46.3,99,4.7,98,0.1,3771.278957,1514729,2.4,13.9
64.7,287,8,6.55,99,2204,45.8,99,3.95,82,0.1,2874.288291,1512985,2.5,13.5
64.4,282,8,6.58,99,24,45.3,99,3.7,99,0.1,268.123657,149918,2.5,13.1
64.7,276,8,5.99,95,18,44.8,95,3.61,95,0.1,1658.31146,14858948,2.6,12.7
64.4,284,8,5.75,95,94,44.4,95,3.47,95,0.1,149.926751,14858335,2.6,12.3
63.9,292,9,6,99,245,43.9,96,4.16,97,0.1,1229.958,14883626,2.7,12.1
62.9,255,56,0.01,92,354,21.3,93,5.72,92,2.9,1335.6458,462425,7.8,11.1
62.6,258,58,1.84,93,190,2.7,94,5.57,87,3,1229.114798,44826849,7.9,11.1
62.1,263,59,1.81,94,0,2.1,94,5.49,94,3,1155.2582,43646629,8,11.1
61.2,278,60,1.8,96,2395,19.5,97,5.23,96,3.4,987.4453967,42486839,8.1,11.1
63,294,61,1.73,9,95,18.9,9,3.97,9,4.3,967.34773,4135152,8.2,11.1
59.1,317,62,1.86,88,1218,18.4,89,4.17,88,5,92.816252,423724,8.2,10.7
57.9,339,64,1.71,88,1282,17.9,88,3.9,88,6.4,916.8992515,39148416,8.3,10.4
56.8,356,66,1.97,81,1516,17.3,76,4.8,81,9.1,839.181117,388599,8.4,10.1
55.3,388,68,1.76,8,1847,16.9,77,4.24,8,10.3,697.66385,37525,8.5,9.7
54.1,412,70,1.82,76,153,16.4,7,4.36,76,11.6,519.7999346,3648288,8.6,9.6
53,432,72,1.43,73,20,15.9,73,4.29,73,13.2,458.8843551,3574931,8.7,8.9
52.4,437,74,1.49,73,65,15.5,75,4.45,73,14.5,436.6875357,3413852,8.8,8.2
52.1,437,76,1.66,84,766,15.1,83,4.54,84,15.7,395.8493511,332149,8.9,8.5
66.1,2,0,0.01,75,0,77.1,79,1.21,75,0.1,1684.54274,11458,0.1,11.9
65.8,22,0,0.01,95,0,76.7,91,1.15,95,0.1,1724.361737,18535,0.1,11.9
65.7,24,0,0.01,94,0,76.2,92,1.37,94,0.1,1763.815497,16613,0.1,11.9
65.5,26,0,0.53,95,0,75.7,95,1.42,99,0.1,1692.613277,14656,0.1,11.9
65.3,27,0,0.48,91,0,75.2,95,1.52,91,0.1,1493.1651,12652,0.1,11.9
65.2,28,0,0.54,86,0,74.6,84,12.24,86,0.1,1297.285141,1568,0.1,11.9
65.1,21,0,0.46,83,0,74.1,74,12.23,82,0.1,1413.3234,9844,0.2,11.6
65,211,0,0.68,96,0,73.4,93,13.66,94,0.1,1357.632211,96311,0.2,11.8
65,212,0,0.76,88,0,72.8,86,1.93,86,0.1,1151.555618,9426,0.2,12.1
64.9,213,0,0.6,5,0,72.1,74,1.6,79,0.1,1214.556667,92325,0.2,12.2
64.8,214,0,0.48,67,0,71.4,61,1.39,62,0.1,113.6286,9542,0.2,12.4
64.7,215,0,0.5,73,0,7.6,79,9.98,7,0.1,115.3865,88895,0.2,11.6
64.6,217,0,0.49,79,0,69.7,96,9.1,77,0.1,826.58554,87343,0.2,11.7
64.3,219,0,0.6,85,0,68.8,88,9,85,0.1,734.9492461,85858,0.2,10.4
64.1,222,0,0.46,9,0,67.9,9,8.12,9,0.1,796.7937634,8446,0.2,10
74.8,99,1,1.32,81,112,65.4,75,6.39,81,0.1,8161.4614,563279,4.8,13.3
74.9,97,1,1.29,81,1761,64.9,75,6.63,81,0.1,846.285153,527612,4.8,13.3
75,93,1,1.53,81,9,64.4,75,6.99,81,0.1,8787.94668,491644,4.8,13.3
75,93,1,1.57,81,9,64,75,7.12,81,0.1,8734.9653,4588368,4.7,13.2
74.9,94,1,1.58,81,12,63.5,75,7.19,81,0.1,8763.826274,4337141,4.7,13.3
74.7,95,1,1.62,81,22,63,75,7.42,81,0.1,84.268878,4183156,4.7,13.2
74.5,98,1,1.67,81,24,62.5,75,8.7,81,0.1,712.775759,411147,4.7,13.1
74.4,98,1,1.72,8,373,61.9,75,8.9,8,0.1,614.271115,486466,4.7,12.9
74.1,1,1,1.82,78,956,61.4,75,8.83,78,0.1,5372.65899,45735,4.7,13.2
73.9,11,1,1.94,77,618,6.8,74,8.42,77,0.1,5339.441291,3986852,4.7,13.7
73.7,13,1,2.1,75,213,6.2,74,8.91,75,0.1,5424.22356,3863267,4.7,14.2
73.5,15,1,2.19,74,526,59.7,74,9.3,74,0.1,5425.6697,371464,4.8,14.8
73.2,17,1,1.98,77,36,59.1,77,1.5,77,0.1,5436.595223,3522837,4.8,15.2
73,11,1,2.19,8,8,58.6,8,1.9,8,0.1,5253.122599,3359859,4.9,15
72.7,112,1,2.26,83,5,57.9,83,1.86,83,0.1,5334.93329,3235366,4.9,14.9
52.1,522,4,0.01,93,0,32,9,1.62,93,9.4,1174.839214,2145785,5.8,10.8
52.1,518,4,0.01,93,516,31.4,9,11.7,93,9.6,1196.1335,2117361,6.1,11.1
52.2,513,4,0.01,95,179,3.8,93,11.14,95,9,1281.516,289928,6.4,11
52.3,52,4,2.39,96,172,3.2,95,11.79,96,10.5,1352.38433,264166,6.8,11
51.1,527,4,2.71,93,2488,29.7,92,1.87,93,13.4,1173.26212,24551,7.2,10.9
49.4,566,4,2.75,91,0,29.2,89,9.8,91,18.2,923.136931,21929,7.6,10.8
47.8,592,5,2.75,88,0,28.8,86,8.85,88,27.3,934.428563,199993,8,10.7
46.2,633,4,2.69,9,2,28.3,87,8.47,88,30,918.432717,1982287,8.4,10.6
45.3,654,5,2.61,91,1,27.9,88,7.12,89,34.1,915.775754,1965662,8.8,10.7
44.5,675,5,2.67,87,0,27.4,88,6.3,89,34.8,862.9463118,1949543,9.3,10.7
44.8,666,5,1.8,6,31,26.9,89,6.96,9,34.6,781.5145936,1933728,9.7,10.7
45.5,648,5,1.99,17,1,26.4,9,7.13,9,33.8,63.636279,191897,1.2,10.5
58.1,329,8,0.01,5,34,26.7,49,1.4,5,0.9,458.4651734,439737,6.7,9.9
61.1,258,9,0.01,76,0,26.1,75,9.25,76,1.1,454.1222236,4286291,6.8,9.8
67,261,9,0.01,8,43,25.6,8,1.19,8,1.2,415.361958,4181563,7,9.6
62,266,9,3.72,77,279,25,77,11.23,77,1.5,379.689583,47167,7.2,9.5
59.7,272,9,3.64,47,2200,24.5,71,11.87,7,1.8,327.42597,3948125,7.4,9.6
59.2,277,10,3.75,64,6,24,84,14.39,81,2.1,33.667491,3811528,7.6,9.7
58.6,281,10,3.88,64,1,23.4,79,11.83,75,2.4,232.61732,3662993,7.7,9.8
65.1,225,29,0.01,73,3,2,73,3.4,73,0.3,452.4631926,2358981,7.2,10.3
64.7,23,29,0.87,74,6,19.5,73,4.15,74,0.4,461.723722,22961146,7.3,10.3
64.3,235,30,0.87,7,2,19,71,3.46,7,0.4,443.9611,22346573,7.4,10.2
63.8,241,31,0.97,73,0,18.5,73,4.24,73,0.4,454.963464,21743949,7.5,10.2
63.3,248,32,1.03,7,1,18,7,4.86,7,0.5,412.739341,2115164,7.6,10.2
62.8,254,33,0.91,77,0,17.6,76,4.7,77,0.5,415.6893226,2569121,7.7,9.7
62.3,259,34,0.68,77,3,17.1,77,4.5,77,0.5,47.733254,19996469,7.8,9.4
61.9,261,35,0.71,84,0,16.7,83,4.98,84,0.6,377.8482928,19433523,7.9,9.1
61.4,263,36,0.68,82,2,16.3,83,5.11,85,0.6,292.157443,1888268,8,9
69,265,37,0.72,81,0,15.8,8,5.3,85,0.6,274.819723,18336724,8.1,8.9
64,267,38,0.81,71,35558,15.4,74,4.89,78,0.6,245.1235876,1782997,8.2,8.7
59.9,268,40,0.93,61,62233,15,65,4.81,66,0.7,316.7998965,17279141,8.3,8.5
59.3,271,41,0.9,51,10795,14.7,61,5.29,62,0.7,262.2859481,16765117,8.5,8.3
57.6,377,27,0.01,91,3,19.2,87,11.38,91,5.1,354.7253961,1768838,6.5,10.7
56.7,394,29,0.01,89,1,18.8,89,1.96,89,6.3,332.922339,16577147,6.5,10.7
55.3,42,31,0.01,96,11,18.4,95,12.6,96,8.3,374.51882,169735,6.6,10.7
54.1,441,32,1.23,97,26,18,97,11.67,97,11.2,512.125451,15627618,6.7,10.6
52.9,462,35,1.08,93,118712,17.6,86,1.5,93,13.7,458.8681744,1516795,6.8,10.2
51.5,491,36,1.16,93,21,17.3,93,1.18,93,14.9,42.7379657,1471462,6.9,9.9
50,525,36,1.27,91,20,16.9,92,1.7,91,16.9,372.842678,14271234,7,9.6
48.5,559,37,1.18,87,143,16.6,88,9.31,87,19.3,32.2227274,1384969,7.1,9.7
47.1,587,38,1.18,99,1,16.2,99,8.99,99,21.1,297.6971211,13429262,7.3,9.6
46,66,39,1.04,93,184,15.9,94,8.2,93,22.4,28.3673842,1339711,7.4,9.7
45.1,615,40,1.11,89,1116,15.5,94,7.82,89,23.4,274.2256294,1267638,7.5,10
44.6,613,43,1.08,84,167,15.2,85,6.35,84,24.2,26.152517,12336687,7.6,10.3
44,67,46,1.1,64,92,14.8,79,4.82,64,24.7,29.9798977,1213711,7.7,10.4
74.8,126,4,0.52,96,221,39.5,97,4.17,97,0.1,11183.96191,322817,7.6,13
74.6,128,3,0.53,96,195,38.5,97,4.2,97,0.1,1882.27842,2976724,7.8,12.9
74.5,129,3,0.53,97,1868,37.4,97,4.1,97,0.1,1779.49641,2917456,7.9,12.9
74.3,13,3,0.51,96,1569,36.3,96,3.89,96,0.1,145.1262,28635128,8,13
74.1,131,3,0.49,96,73,35.3,96,3.99,96,0.1,971.356987,28112289,8.2,12.8
74,131,3,0.47,96,153,34.4,97,3.97,97,0.1,7326.744435,2765383,8.3,12.6
73.8,132,3,0.47,97,334,33.4,97,3.47,97,0.1,8513.629541,2711169,8.5,12.5
73.7,133,3,0.43,96,394,32.5,97,3.61,97,0.1,7269.17114,26625845,8.7,12.3
73.6,134,3,0.42,95,564,31.6,95,3.65,95,0.1,6222.982955,26143566,8.8,12.7
73.4,135,3,0.46,96,1407,3.7,96,3.29,96,0.1,5593.822995,25659393,9,12.9
73.2,137,3,0.49,94,5729,29.8,95,3.74,95,0.1,4955.477743,2517419,9.2,12.7
73.1,138,3,0.48,95,632,28.8,96,3.95,96,0.1,4463.675893,2468873,9.3,12.1
72.9,14,4,0.49,95,408,27.9,94,3.4,94,0.1,4167.364387,24198811,9.5,12
72.7,144,4,0.53,95,2198,27,95,3.4,96,0.1,3915.11546,2369897,9.7,11.9
72.4,149,4,0.54,97,6187,26,98,3.4,98,0.1,445.17471,2318568,9.8,11.6
78.2,62,0,0.01,99,0,26.2,99,13.73,99,0.1,7716.2415,41,13.6,12.7
77.9,64,0,0.01,99,0,25.1,99,11.16,99,0.1,7112.33575,393,13.7,12.4
77.6,65,0,0.01,99,0,24.1,99,9.16,99,0.1,6541.7465,385,13.8,12.1
77.3,67,0,1.92,96,0,23.1,96,8.11,96,0.1,6497.55443,377,13.9,11.8
76.7,73,0,1.83,97,0,22.1,97,7.93,96,0.1,633.79498,367,14,11.6
76.3,75,0,1.59,98,6,21.2,98,9.22,98,0.1,597.1659,36,14.1,11.8
75.9,81,0,1.76,98,0,2.3,98,9.3,98,0.1,5828.621374,362,14.2,11.8
75.4,82,0,1.78,98,20,19.5,98,6.64,98,0.1,52.862285,349,14.3,11.9
75,88,0,1.62,98,47,18.7,98,7.37,98,0.1,4428.522898,333,14.3,12
74.3,93,0,1.47,98,1395,18,98,9.52,98,0.1,3488.493769,321,14.4,12.1
73.4,16,0,1.6,97,37,17.3,96,5.89,96,0.1,3853.33348,312,14.5,12.2
72.7,112,0,1.75,98,75,16.7,98,5.9,98,0.1,3432.247841,34,14.6,11.8
71.8,124,0,1.95,98,926,16.2,98,5.78,98,0.1,32.37239,297,14.6,12
78,129,0,1.98,98,0,15.6,97,5.84,98,0.1,298.67598,292,14.7,11.8
69.6,139,0,1.83,96,20,15.2,98,8,98,0.1,2182.99711,286,14.8,11.3
57.8,272,52,0.01,73,290,23.2,74,6.86,73,1.6,825.5729915,16962846,7.9,8.2
57.3,275,53,0.01,69,221,22.5,7,6.58,69,1.6,777.659139,16477818,8.1,8
57.2,27,53,0.01,66,341,21.9,72,6.47,66,1.5,777.3476868,16667,8.3,7.7
56.8,271,54,0.61,66,24,21.3,72,6.59,66,1.5,835.88998,1554989,8.5,7.5
56.5,273,54,0.6,72,1719,2.7,77,6.35,73,1.5,78.377632,157585,8.8,7.3
56,276,55,0.59,71,2939,2.2,77,6.85,73,1.6,697.153124,1466597,9,7.1
55.5,278,55,0.57,74,98,19.6,74,6.74,74,1.6,689.6784228,14138216,9.2,5.8
55,282,56,0.55,74,2,19,76,6.97,74,1.7,595.6368319,1367566,9.4,6.4
54.3,288,57,0.53,9,128,18.5,79,6.56,78,1.8,521.6425796,1322764,9.7,6.1
53.6,29,57,0.55,83,33,18,78,6.34,77,1.9,487.942556,12798763,9.9,5.8
52.8,296,58,0.49,73,172,17.5,7,6.28,69,2,439.3572924,1239196,1.1,5.5
52,299,59,0.54,79,232,17,67,6.25,63,2.2,391.791281,125128,1.3,5.2
63,26,8,0.01,84,14,3.1,84,3.77,84,0.9,1326.66882,46392,8,8.5
62.7,28,8,0.01,8,62,29.4,8,3.63,8,1.1,145.57838,394617,8.1,8.2
62.5,29,8,0.01,8,35,28.8,8,3.36,8,1.2,1364.283745,383239,8.3,7.8
62.2,212,8,0.01,75,234,28.1,73,2.87,75,1.2,1393.261593,3717672,8.5,7.7
62,214,8,0.01,64,1292,27.4,52,3.28,64,1.2,123.383675,369543,8.7,7.6
61.7,215,8,0.01,64,322,26.8,63,3.79,64,1.2,146.83851,356288,8.9,7.1
61.4,217,8,0.02,74,4,26.1,73,3.23,74,1.3,1167.535689,347541,9.2,7.2
61.2,219,8,0.02,74,11,25.5,75,3.54,75,1.3,113.3128,3312665,9.4,7.4
69,221,8,0.01,68,22,24.8,68,3.21,68,1.3,944.134851,322653,9.6,7.2
66,223,8,0.01,42,127,24.2,71,4.21,71,1.3,697.7451989,31372,9.8,7.2
74.2,148,0,0.01,97,0,32.8,98,4.81,97,0.1,1153.93822,126934,7,14.7
74.1,147,0,0.01,98,0,32.3,98,4.82,98,0.1,9637.265,1258653,7,14.7
73.9,154,0,0.01,98,0,31.8,98,4.76,98,0.1,9291.227619,1255882,7.1,14.3
73.6,158,0,3.03,98,2,31.3,98,5.2,98,0.1,9197.26972,125244,7.1,14.1
73.3,163,0,2.95,99,12,3.7,99,5.29,99,0.2,8.376432,1254,7.2,14
72.8,166,0,2.83,99,15,3.2,99,4.97,99,0.1,7318.12641,1247429,7.3,13.8
72.7,166,0,2.49,99,12,29.7,99,4.6,99,0.1,83.635,1244121,7.4,13.6
72.9,161,0,3.24,97,13,29.1,96,4.24,97,0.1,6574.654338,123963,7.5,13.5
71.8,165,0,3.73,97,3,28.6,98,4.38,97,0.1,5695.969327,1233996,7.6,13.4
72.1,168,0,3.94,97,7,28,97,4.47,97,0.1,5116.45424,1228254,7.7,13
71.9,168,0,4.16,98,28,27.5,98,4.29,98,0.1,5229.876738,12213,7.8,12.8
71.5,174,0,4.08,97,777,26.9,99,4.15,99,0.1,4623.347642,121337,7.9,12.6
71.5,179,0,4.14,88,0,26.4,88,4.24,88,0.1,3957.51296,124621,7.9,12.5
71.5,177,0,4.38,92,0,25.8,93,3.87,92,0.1,3792.182152,1196287,8,12.2
71,177,0,4.6,88,0,25.3,88,3.78,88,0.1,3861.32414,1186873,8.1,12.1
76.6,122,31,5.26,84,3,62.8,87,6.3,87,0.1,1452.27766,1242216,1.6,13.1
76.6,12,32,5.23,82,0,62.1,83,6.3,83,0.1,1298.86766,122535969,1.6,12.9
76.3,123,33,5.29,99,0,61.5,99,6.21,99,0.1,982.532572,1282837,1.6,12.7
76.1,124,34,5.3,98,3,6.8,97,6.4,97,0.1,9834.472689,119917,1.6,12.6
75.6,127,35,5.21,93,0,6.1,95,6.39,95,0.1,8959.581416,117318941,1.6,12.5
75.7,13,36,5.27,95,0,59.4,95,6.6,95,0.1,7748.12331,11555228,1.7,12.5
75.6,127,37,5.36,97,0,58.7,96,6.6,96,0.1,9689.52887,11366189,1.7,12.3
76,123,38,5.35,98,0,57.9,98,5.92,98,0.1,933.341687,111836346,1.7,12.3
75.8,125,40,5.11,98,23,57.2,98,5.83,98,0.1,8767.92258,1192378,1.8,12.2
75.3,126,42,4.93,98,6,56.4,98,6.4,98,0.1,7986.798439,18472228,1.8,12.2
75.4,124,44,4.9,98,64,55.7,98,6.11,98,0.1,7199.59665,16995583,1.8,12.1
75,127,46,4.88,98,44,54.9,98,6.2,98,0.1,6751.998987,1564453,1.9,11.9
75,127,49,4.77,97,0,54.1,98,5.52,97,0.1,716.8219,1435568,1.9,11.6
75,126,52,4.86,97,3,53.2,97,5.35,97,0.1,731.378864,136768,1.9,11.6
74.8,129,55,4.99,97,30,52.4,97,4.98,97,0.1,672.92113,11719673,2,11.4
68.4,225,1,0.01,99,0,51.5,99,4.73,99,0.1,4181.583321,2923896,2.2,14.8
68.1,227,1,0.01,98,0,5.4,98,4.21,98,0.1,4385.379355,286917,2.2,14.7
67.8,231,1,0.01,99,0,49.2,99,4.22,99,0.1,4368.82248,2814226,2.2,14.7
67.3,235,1,0.01,99,0,48,99,4.45,99,0.1,3769.595255,2761516,2.2,14.6
66.3,25,1,5.8,96,7,46.9,96,4.7,96,0.1,265.353659,271265,2.2,14.3
66.9,235,1,4.61,97,8,45.9,96,5.29,95,0.1,1717.898761,2668289,2.2,13.8
67.4,225,2,4.26,96,31,44.9,95,5.58,96,0.1,2139.625631,2628131,2.2,13.4
65.9,26,2,3.79,98,12,43.9,99,5.6,95,0.1,1634.81431,259167,2.2,13
65,271,2,2.91,98,26,43,98,4.68,99,0.1,1334.651896,255812,2.2,12.7
64.5,274,2,2.75,98,0,42.1,99,5.9,99,0.1,998.8226671,2526446,2.3,11.8
64,284,2,1.75,98,0,41.3,99,5.99,99,0.1,797.8377432,2496832,2.3,11.2
64,271,2,1.31,98,18,4.5,98,6.18,98,0.1,646.561295,2469286,2.4,10.5
63.8,263,2,2.43,98,1205,39.8,98,5.81,98,0.1,571.51883,2443659,2.4,10.1
63.2,266,2,2.87,95,10677,39.1,95,5.45,95,0.1,524.145924,2419776,2.5,9.4
62.8,274,2,2.79,93,925,38.5,94,4.92,94,0.1,474.2133361,2397436,2.6,8.9
75.9,17,0,0.01,87,0,61.3,91,6.42,91,0.1,7378.345289,62181,1.8,15.1
75.8,19,0,0.01,9,0,6.7,94,6.43,94,0.1,7186.429787,62127,1.8,15.1
75.6,11,0,0.01,9,0,6.2,94,7.25,94,0.1,6586.71929,6261,1.9,15.1
75.4,113,0,6.56,91,5,59.7,95,6.92,95,0.1,7318.742449,6279,1.9,15.1
75.3,115,0,6.56,9,5,59.1,93,6.9,94,0.1,6682.281158,619428,2,15
75,117,0,6.45,87,0,58.5,91,6.7,92,0.1,6698.79439,618294,2,14.6
74.6,121,0,6.17,93,0,57.8,95,6.13,95,0.1,7325.73474,616969,2.1,14.2
74.2,125,0,4.98,9,0,57.2,92,6.74,92,0.1,5957.145693,615875,2.1,13.6
73.8,13,0,5.38,9,0,56.5,9,8.1,9,0.1,4383.59597,61525,2.2,13.2
74.1,96,18,0.43,99,10,57.5,99,5.91,99,0.1,3154.513484,3431882,6.4,12.1
73.9,97,18,0.45,99,92,56.5,99,5.94,99,0.1,3111.762887,33824769,6.4,12.1
73.6,99,19,0.55,99,668,55.5,99,6.15,99,0.1,294.746728,33333789,6.3,11.6
73.3,14,19,0.54,98,982,54.6,98,5.99,99,0.1,339.91616,32858823,6.3,11.2
72.8,11,20,0.56,98,633,53.6,99,5.86,99,0.1,2834.2472,3249639,6.3,10.7
72.3,116,20,0.62,98,834,52.7,99,5.67,99,0.1,2861.5545,31989897,6.4,10.5
71.8,123,21,0.51,97,1455,51.7,99,5.41,99,0.1,2884.94776,31596855,6.4,10.3
71.4,128,21,0.56,95,2248,5.8,95,5.48,95,0.1,2494.353552,31225881,6.4,10
71,133,22,0.58,95,1217,49.9,97,5.23,97,0.1,2191.478567,3869346,6.4,10
77,137,22,0.47,96,0,49.1,98,5.6,98,0.1,213.755559,35217,6.5,9.8
72,142,23,0.56,95,6399,48.2,97,5.22,97,0.1,1948.812275,3179285,6.5,9.6
69.9,146,24,0.58,9,10841,47.3,91,5.25,91,0.1,1721.973863,29843937,6.6,9.3
69.5,15,25,0.46,92,6000,46.5,94,5.31,94,0.1,1413.757176,29512368,6.6,8.8
69,155,26,0.46,84,2724,45.7,93,4.44,96,0.1,1336.775376,29181832,6.7,8.5
68.6,16,27,0.45,43,7368,44.8,95,4.18,95,0.1,1332.382358,28849621,6.7,8
56.7,375,61,0.01,79,9,22.2,79,6.98,79,4.1,623.2871141,27212382,3.6,9.1
55.3,46,62,1.16,78,8,21.8,78,5.9,78,5.1,65.985681,26434372,3.6,9.1
54.8,48,64,1.19,76,145,21.3,73,5.58,76,6.9,566.513873,2567666,3.6,9.2
54.3,47,66,0.94,76,177,2.9,73,6.23,76,9.6,526.5313517,249395,3.7,9.5
54,47,69,0.96,74,2321,2.5,73,5.38,74,10.8,419.2258149,2422145,3.7,9.3
53.8,4,70,1.18,74,60,2.1,74,5.43,74,11.3,463.852618,2352463,3.7,9.2
53.2,45,72,1.48,75,4,19.7,74,4.91,75,12.6,53.127719,22846758,3.7,8.8
52.1,425,74,1.03,75,267,19.3,75,5.25,75,14.1,422.1461573,22188387,3.8,8.2
51.2,434,78,1.2,75,183,18.9,73,6.51,78,16.3,385.7567141,21547463,3.8,7.9
58,434,80,1.23,75,12598,18.5,71,6.87,8,16.2,369.1545359,29237,3.9,7.3
54,429,82,1.54,76,9396,18.1,69,5.91,83,15.9,336.3318145,231275,3.9,7
51,424,85,1.68,76,28898,17.7,67,6.39,85,15.3,283.8911588,19716598,4,6.7
49.8,416,87,2.16,76,7155,17.3,76,6.45,76,14.5,262.884551,19139658,4,6.2
49.5,48,90,2.09,25,7085,16.9,72,5.64,73,13.4,256.4414872,18588758,4.1,5.8
66.4,21,40,0.01,88,122,22.9,88,2.28,88,0.3,1262.893782,51924182,12.9,9.1
66.2,22,42,0.7,75,1010,22.1,76,2.16,75,0.4,1168.83947,51448196,12.9,9.1
65.9,25,44,0.55,58,2175,21.3,87,2.22,84,0.5,1171.58257,5986514,13,9.1
65.6,27,47,0.33,4,2046,2.5,9,1.87,84,0.5,1186.423937,555331,13,9.1
65.4,29,49,0.3,92,190,19.8,9,1.92,9,0.5,987.7365832,5155896,13.1,8.8
65.2,211,52,0.28,91,329,19.1,9,2.5,9,0.6,741.777116,49869,13.1,8.5
59.2,296,59,0.3,85,333,18.3,85,1.87,85,0.6,643.951373,49479752,13.2,8.2
64.5,217,58,0.26,85,1088,17.6,84,1.68,86,0.6,41.451,49171586,13.2,8.1
64.2,22,61,0.28,75,760,17,82,1.78,82,0.6,296.97284,48846474,13.2,8
63.9,224,64,0.28,62,314,16.4,86,1.83,73,0.5,247.24276,48482614,13.2,7.9
63.5,228,66,0.44,39,1329,15.7,92,1.97,82,0.5,219.8156688,487377,13.3,7.8
63.2,231,69,0.4,8,830,15.2,86,1.97,78,0.5,219.782326,47624894,13.3,7.7
65.9,242,2,0.01,88,477,34.9,88,8.93,88,2.2,5421.343953,237992,8.6,11.7
66.1,232,3,0.01,89,1028,34.1,89,8.53,89,2.5,5488.131712,231652,9,11.6
65.8,232,3,0.01,84,86,33.3,84,8.24,84,3.7,5749.44752,2263934,9.5,11.5
64.3,268,3,7.84,82,79,32.5,85,8.78,82,4.7,56.971392,2215621,9.9,11.5
63,299,3,7.58,83,3138,31.8,83,7.89,83,6.2,5191.58381,217317,1.4,11.4
69.6,158,18,0.01,92,1279,18.5,92,5.8,92,0.1,76.2386977,28323241,15.9,12.4
69.3,162,19,0.27,92,1861,18,92,5.69,92,0.1,688.6172788,2798531,16.1,12.3
68.9,167,20,0.26,9,3362,17.4,9,5.89,9,0.2,681.7925868,27649925,16.3,12.3
68.4,172,22,0.27,92,2359,16.9,92,6.73,92,0.2,692.1166842,27327147,16.5,12
68,178,23,0.24,82,190,16.4,83,6.43,82,0.2,592.1835216,2723137,16.7,11.1
67.5,183,25,0.22,89,189,15.9,93,6.41,89,0.2,48.7299,2674113,16.9,10.5
67,189,27,0.21,82,2089,15.4,82,6.44,82,0.2,473.844449,26475859,17,10.1
66.6,194,29,0.2,82,1415,14.9,82,5.84,82,0.2,393.8843518,26214847,17.2,10
66,21,31,0.2,69,2838,14.4,91,5.7,89,0.2,348.6314534,2594618,17.4,9.6
65.4,28,33,0.2,41,5023,13.9,78,5.72,75,0.2,317.89198,2564287,17.6,9.4
64.7,218,35,0.21,27,12074,13.4,8,5.82,8,0.2,287.4156,2539449,17.8,9.3
64.3,22,38,0.2,2,13344,12.9,76,5.48,78,0.1,253.72412,2495623,18,9.2
74.5,148,2,3.55,98,0,53.2,99,9.4,98,0.1,1975.46477,613997,1.8,11.6
73.9,157,2,3.58,98,0,52.4,99,8.43,98,0.1,1847.19849,5945747,1.8,11.5
73.9,157,2,3.63,98,0,51.7,99,8.4,98,0.1,1792.3845,587718,1.8,11.5
74.5,147,3,3.39,98,0,5.9,99,6.39,98,0.1,1682.957924,58782,1.8,11.5
73.2,154,3,3.38,98,0,5.2,99,6.58,98,0.1,1526.497938,5737723,1.9,11.4
73.2,163,3,3.36,98,0,49.4,99,6.82,98,0.2,1464.497754,5666581,1.9,11.3
72.5,169,3,3.64,97,0,48.6,97,6.98,97,0.2,1518.85386,559456,1.9,11.1
72.5,173,3,3.83,93,0,47.9,93,6.91,93,0.2,1344.31871,552216,2,11
73,17,3,3.69,88,0,47.1,88,6.33,88,0.3,124.992617,545211,2,11
71.2,194,3,3.7,86,0,46.4,87,6.11,86,0.3,1175.116225,5379328,2,11
71,194,4,3.81,79,0,45.7,8,6.13,79,0.3,191.55157,53973,2.1,11
76,198,4,3.77,86,0,44.9,86,6.12,86,0.3,115.565314,524879,2.1,11
75,197,4,3.5,85,0,44.2,85,5.71,85,0.4,11.147277,5171734,2.2,10.7
73,193,4,3.51,87,0,43.5,89,5.26,87,0.4,143.6758,5175,2.2,10.4
73,192,4,3.61,83,0,42.8,85,5.39,83,0.4,116.2743,526796,2.2,10.1
61.4,223,49,0.01,68,1142,18.9,67,5.82,68,0.5,43.646498,19148219,9.8,5.3
69,227,49,0.01,67,1224,18.5,56,5.9,67,0.6,416.14838,18426372,1,5.3
63,232,49,0.01,71,272,18.1,71,6.11,71,0.7,391.515524,17731634,1.3,5.1
59.4,241,50,0.15,75,771,17.7,4,6.66,75,0.7,375.5819866,1764636,1.5,4.8
58.2,252,50,0.12,7,372,17.3,75,6.36,7,0.9,348.151511,16425578,1.7,4.5
57.1,263,51,0.11,71,801,16.9,71,6.98,71,1.1,341.2894618,15813913,11,4.2
53.6,362,490,0.01,49,6855,24.7,49,3.67,49,3.9,3221.678128,1764652,1.1,10
53.2,367,498,8.3,46,52852,24.1,46,3.7,46,3.9,2996.96432,17182933,1.4,9.8
52.7,374,505,8.54,42,6447,23.5,42,3.3,42,4.4,2755.297787,167297284,1.7,9.7
52.3,375,513,8.75,46,18843,22.8,48,3.69,48,4.7,2527.9423,16287776,11,9.6
52,374,521,8.9,49,8491,22.2,54,3.47,54,4.8,2327.3267,158578261,11.3,9.5
51.6,376,527,9.05,63,1272,21.6,66,4.24,63,4.9,197.661422,15442181,11.7,9.3
59,386,536,9.3,41,9960,21,6,4,53,5,1383.893354,1534739,12,9.2
55,388,542,9.55,42,2613,2.4,54,4.47,42,5.2,1136.829645,14641724,12.3,9.1
49.8,396,549,9.66,27,704,19.9,46,3.66,4,5.3,119.743286,14261494,12.6,9
49.2,4,556,9.71,18,110927,19.3,45,4.11,36,5.4,87.8938738,138939478,12.9,8.9
66.2,162,359,0.01,72,1370,24.7,72,2.61,72,0.1,1316.98966,185546257,19.4,7.8
66,163,365,0.04,72,8749,23.9,72,2.7,72,0.1,1272.44161,181712595,19.6,7.7
65.7,165,369,0.04,72,8046,23.2,72,2.76,72,0.1,1261.28967,177911533,19.8,7.6
65.5,167,371,0.04,74,4386,22.5,75,3.1,74,0.1,1226.215314,174184265,2,7.5
65.1,172,372,0.04,82,4321,21.9,82,3.2,82,0.1,14.142268,1756182,2.2,7.5
64.8,175,371,0.03,78,863,21.3,7,2.94,71,0.1,16.63999,1674958,2.5,7.3
64.6,177,369,0.03,65,1129,2.6,7,3.26,62,0.1,139.31288,16364463,2.7,7.3
64.4,178,367,0.03,75,2801,2.1,75,3.35,75,0.1,95.4327931,16332974,2.8,6.7
64.2,179,365,0.03,78,7641,19.5,77,3.4,78,0.1,873.772727,15793993,21,6.5
62.9,2,364,0.04,7,2981,18.9,78,2.91,77,0.1,711.4699463,15399667,21.2,6.1
63.7,183,364,0.01,65,4248,18.4,65,2.56,65,0.1,649.848233,15783,21.4,5.6
63.5,185,366,0.01,63,4740,17.9,69,2.61,67,0.1,563.594342,1477341,21.6,5.6
77.6,119,1,6.74,8,0,57.1,8,8.3,8,0.1,12593.7374,393986,1.9,13
77.5,118,1,6.89,8,0,56.3,81,8.9,8,0.1,11685.97983,3838462,1.9,12.9
77.2,12,1,6.95,85,0,55.6,87,7.25,85,0.1,1589.82713,3772938,1.9,12.8
77.3,121,1,6.9,87,4,54.9,91,7.5,87,0.1,927.723171,377782,2,12.9
76.5,122,1,6.94,94,0,54.2,95,8.5,94,0.1,7937.259931,3643222,2,12.8
76.8,127,1,6.87,85,0,53.4,85,7.56,85,0.1,7429.628274,3579385,2,12.8
76.5,127,1,6.74,86,0,52.7,86,6.75,86,0.1,6973.9284,3516268,2,12.8
76.4,124,1,6.16,85,0,51.9,84,6.31,85,0.2,668.8667,345387,2.1,12.9
76.2,125,1,5.72,88,0,51.1,98,7,88,0.1,5348.518399,339195,2.1,12.9
75.8,122,1,5.53,92,0,5.3,88,7.48,92,0.1,4916.54886,333465,2.1,12.9
75.8,123,1,5.69,95,0,49.5,92,8.9,95,0.2,4591.892776,3269541,2.2,12.8
75.5,126,1,5.52,98,0,48.6,95,7.6,98,0.1,4267.13578,329174,2.2,12.8
75.7,125,1,5.52,98,0,47.8,99,8.3,99,0.2,4126.14671,3149265,2.3,12.6
75.5,124,2,5.43,98,0,46.9,95,7.72,99,0.1,446.372833,389684,2.3,12.4
62.7,278,10,0.01,67,2299,47.9,64,4.26,73,0.7,2182.716565,7755785,1.3,10
62.4,281,10,0.01,73,12,47.2,8,4.78,79,0.8,229.95364,7592865,1.3,10
62.2,284,10,0.01,68,0,46.4,81,4.55,74,1,271.318741,743836,1.3,9.9
62,285,10,0.88,66,0,45.7,69,4.94,72,1,177.867119,7269348,1.3,9.9
61.8,286,10,0.79,56,0,44.9,72,4.18,67,1.1,1366.879112,718239,1.4,9.6
61.6,288,11,0.82,66,0,44.2,79,4.36,73,1.1,1166.66337,6947447,1.4,9.2
61.4,29,11,0.81,59,0,43.4,76,4.6,63,1.3,1178.72469,6787187,1.4,8.9
61.1,295,11,0.71,61,0,42.7,72,4.4,71,1.4,956.668952,6627922,1.4,8.6
68,299,11,0.64,71,1,41.9,67,5.92,72,1.5,854.346921,647272,1.4,8.2
64,37,11,0.84,63,1222,41.1,61,6.42,72,1.5,77.5773486,631479,1.4,7.9
59.9,314,11,0.58,6,1385,4.4,59,8.39,62,1.5,637.3616215,6161517,1.5,7.6
59.6,321,11,0.59,67,3863,39.6,62,6.79,68,1.4,588.3582595,61724,1.5,7.2
59.3,327,11,0.61,6,17620,38.9,54,7.69,61,1.4,511.665773,5862316,1.5,6.9
59.1,331,11,0.68,59,4023,38.2,52,6.68,55,1.3,539.41528,5716152,1.5,6.6
58.9,335,11,0.73,57,7135,37.5,51,3.98,59,1.1,631.9468526,5572222,1.6,6.2
73.9,147,3,0.01,87,0,49.4,83,9.81,87,0.2,4712.822736,6552584,2,12.3
73.8,148,3,5.03,86,0,48.6,8,1.49,86,0.2,4479.95858,646574,2,12.3
73.6,148,3,5.36,87,0,47.9,83,1.33,87,0.1,3855.537735,6379219,2,12.3
73.4,15,3,5.79,89,0,47.1,84,9.42,89,0.1,3988.11894,6293783,2.1,12.3
73.2,152,3,5.65,89,0,46.4,85,9.1,89,0.1,3225.591754,629877,2.1,12.4
73,155,3,5.39,85,0,45.6,81,9.14,85,0.1,2599.596259,6127837,2.1,12.1
72.7,157,3,6.14,87,0,44.9,85,7.6,89,0.1,359.992184,647117,2.1,11.9
72.5,159,3,5.61,86,0,44.2,95,6.41,95,0.1,2312.192926,5966159,2.2,12
72.3,161,3,5.61,92,0,43.5,98,6.43,98,0.2,189.71539,5882796,2.2,12.1
72.1,163,3,6.38,92,0,42.8,96,6.7,96,0.2,157.145691,5795494,2.3,12.3
71.9,165,3,6.2,9,0,42,92,5.78,92,0.2,148.527976,57374,2.3,12.1
71.7,166,4,6.64,86,0,41.3,86,5.99,86,0.1,1174.779347,56795,2.4,12.7
75.3,125,8,0.01,88,0,54.9,78,5.47,88,0.1,6491.5245,3973354,1.1,13.4
75.3,125,8,5.38,88,0,54.2,71,5.23,88,0.1,6583.116248,3565716,1.1,13.4
74.9,129,9,5.14,95,0,53.6,94,5.18,95,0.1,6387.785281,3158966,1.1,13.4
74.5,133,9,4.83,91,0,52.9,91,4.93,91,0.2,5771.565878,29759989,1.1,13.4
73.7,14,10,4.72,93,0,52.2,92,5.3,93,0.2,522.493191,29373646,1.1,13.3
73.8,14,10,4.69,93,0,51.5,92,5.36,93,0.3,4166.93387,29157,1.2,13.3
73.9,138,11,4.85,93,1,5.8,93,4.73,93,0.3,428.87811,2864198,1.2,13.2
74,133,11,4.29,93,0,5.2,93,4.6,93,0.3,3611.2147,28292724,1.2,13.2
74.2,134,12,4.22,94,0,49.5,94,4.47,94,0.4,3171.49856,27949944,1.2,13
72.8,148,13,4.44,94,0,48.8,66,4.72,77,0.4,2754.7829,276141,1.3,13
72.2,151,14,4.27,92,0,48.1,81,4.56,86,0.4,2448.143899,27273194,1.3,12.8
72.1,152,15,4.5,65,0,47.4,95,4.6,94,0.4,218.25997,26937738,1.3,13.3
68.4,214,54,4.52,67,58848,24.8,77,4.71,67,0.1,2842.938353,112249,1,11.7
68.1,219,55,4.61,89,2920,24.3,84,4.56,89,0.1,276.289146,9848132,1,11.7
68.1,217,56,5.02,88,1536,23.7,88,4.46,88,0.1,2581.818554,96866642,1,11.6
68,218,57,4.96,87,6538,23.1,87,4.29,87,0.1,2352.518156,9527794,1,11.5
67.9,218,58,4.85,77,6368,22.6,78,4.37,79,0.1,2129.499242,93726624,1,11.4
68,219,59,4.42,85,1469,22.1,86,4.41,87,0.1,1825.341521,9222879,1,11.7
67.5,217,60,4.21,88,341,21.6,91,4.5,91,0.1,1919.466195,9751864,1,11.5
67.5,216,62,4.19,87,530,21.1,87,3.94,87,0.1,1672.685433,8929349,1,11.4
67.3,219,63,4.08,77,9,2.6,88,3.95,88,0.1,1391.772325,8789419,1,11.5
67,223,65,4.22,49,118,2.1,9,3.91,89,0.1,1194.697155,86274237,1,11.6
67.3,218,66,4.45,48,3025,19.6,85,3.23,88,0.1,179.3715,84678493,1,11.6
67.2,217,67,4.44,52,10511,19.2,85,3.25,84,0.1,11.553196,8331954,1,11.6
66.8,221,68,4.42,42,7003,18.7,77,2.79,79,0.1,1.68135,813526,1,11.4
66.8,221,68,4.54,45,7360,18.3,76,3,79,0.1,957.287441,79665315,1,11.4
66.8,219,69,4.73,7,7120,17.8,74,3.21,78,0.1,138.91977,77991569,1,11.4
73,225,13,10.12,97,4711,59.9,97,7.7,97,0.1,14125.961,143819666,2.3,14.9
70,229,14,10.58,97,2339,59.3,98,7.9,97,0.2,15543.67653,14356911,2.3,14.6
69.6,237,14,10.99,97,2123,58.7,98,6.88,97,0.3,15154.45687,14321676,2.3,14.3
69.4,242,14,11.04,97,629,58.1,97,6.61,97,0.3,14212.687,14296868,2.3,14
68.4,256,15,11.05,97,129,57.5,98,6.83,97,0.2,1674.98771,142849449,2.3,13.7
68.2,261,15,11.21,98,101,57,98,7.44,98,0.3,8562.89598,142785342,2.3,14
67.5,278,16,12.04,98,27,56.6,98,6.22,98,0.3,11635.2637,14274235,2.3,13.9
67.3,282,16,12.19,98,173,56.1,98,5.38,98,0.3,911.25385000000006,1428588,2.4,13.8
66.4,3,17,11.79,98,1147,55.7,98,5.3,98,0.3,692.194398,14349528,2.4,13.8
65,327,18,11.57,97,454,55.3,98,5.21,98,0.3,5323.473877,143518523,2.4,13.7
64.9,321,19,11.5,96,2444,55,98,5.19,97,0.3,412.372294,1446754,2.5,13.6
64.6,322,20,11.32,94,3291,54.7,97,5.61,96,0.4,2975.132778,144648257,2.6,13.2
64.8,313,20,10.87,81,580,54.5,97,5.99,97,0.3,2375.5944,1453646,2.7,12.8
65.1,38,21,10.47,43,2072,54.2,97,5.67,96,0.3,21.362386,14597683,2.8,12.5
65.7,23,12,0.01,98,10,2.8,98,7.53,98,0.4,76.5699517,11345357,5.8,10.8
65.2,233,12,0.01,98,17,2.1,98,7.69,98,0.5,688.8768557,1165151,5.9,10.8
64.6,239,13,0.01,98,75,19.5,98,7.68,98,0.7,678.796973,1788853,6.1,10.5
63.8,247,14,8.34,97,31,18.9,93,7.71,97,1.3,617.317648,151671,6.3,10.2
62.8,26,16,7.92,97,121,18.3,93,7.91,97,2.3,563.491487,1246842,6.5,10
61,288,17,7.11,97,5,17.7,93,7.2,97,2.8,539.1538211,9977446,6.6,10.2
68,282,18,6.39,97,6,17.1,97,7.66,97,3.7,5.6687264,978169,6.7,10.4
59.6,295,20,6.78,97,26,16.5,98,8.49,97,5,44.853339,944742,6.8,10.1
57.6,328,22,6.88,99,494,15.9,99,1.2,99,6.2,342.3656294,92658,6.8,9.3
55.3,37,24,7.01,95,129,15.4,95,6.83,95,7.1,287.931877,8991735,6.8,8.8
53.4,397,26,6.75,89,386,14.9,89,6.24,89,7.7,236.9114381,8818438,6.9,8.2
52,48,29,6.66,96,1064,14.5,96,6.34,96,8.1,212.6619491,868346,7,7.6
57,415,31,7.82,88,2738,14.1,85,4.18,88,8,196.59778,853625,7.2,7.2
73.8,128,0,0.01,56,0,74.3,58,7.22,63,0.1,4178.973369,19229,0.2,12.9
73.6,131,0,0.01,6,0,73.8,62,6.91,67,0.1,4219.65123,19757,0.2,12.9
73.2,136,0,0.01,64,1,73.4,62,5.2,64,0.1,4234.554443,189194,0.2,12.9
73,139,0,2.15,58,0,72.9,6,5.8,65,0.1,3942.9827,187665,0.2,12.9
72.6,144,0,3.01,57,8,72.5,57,5.7,62,0.1,3453.487434,18625,0.2,12.9
76,172,0,2.88,44,0,72,45,5.4,49,0.1,335.112838,184826,0.2,12.9
72.5,146,0,3.97,12,0,71.4,54,4.52,26,0.1,359.82223,183526,0.2,12.9
72.2,149,0,3.85,46,0,7.9,49,5.25,53,0.1,322.543121,182286,0.2,12.9
72,153,0,3.52,35,0,7.3,37,4.68,39,0.1,287.963899,18194,0.2,12.7
71.6,16,0,3.63,41,0,69.7,55,4.47,49,0.1,2571.262348,179929,0.2,12.6
71.4,162,0,3.62,54,0,68.9,26,4.45,55,0.1,2351.33814,178781,0.2,12.4
79,169,0,4.17,83,0,68.2,82,4.71,83,0.1,197.29417,177662,0.2,12.3
76,174,0,3.3,86,0,67.4,85,5.1,86,0.1,1631.41727,176582,0.2,12.1
75,175,0,3.43,89,0,66.5,83,5.16,85,0.1,1555.47451,175566,0.2,12
72,18,0,3,89,0,65.6,94,5.31,95,0.1,154.68923,17461,0.2,12.1
67.3,191,0,0.01,95,0,3.1,95,8.35,95,0.2,1821.878734,191266,5.6,11.1
67.1,192,0,0.01,97,0,29.3,97,9.76,97,0.2,1619.532678,18745,5.7,11
66.9,194,0,0.01,96,0,28.5,96,8.6,96,0.5,138.949959,182889,5.9,10.8
66.6,198,0,5.69,96,0,27.7,96,5.44,96,0.5,134.326189,1788,6,10.6
66.2,24,0,5.58,98,0,26.9,98,5.24,98,0.5,1129.754961,174776,6.1,10.6
65.8,21,0,4.13,98,0,26.2,99,6.65,98,0.9,199.57146,17813,6.3,10.1
65.4,215,0,4.36,99,0,25.4,99,5.66,99,0.9,1126.46212,166913,6.5,10.4
65.1,217,0,4.14,87,0,24.7,98,7.44,97,1.2,894.927988,16311,6.7,10.3
64.7,22,0,5.46,75,0,24,97,7.84,97,1.2,843.89447,159328,6.9,10.2
64.3,222,0,5.27,96,0,23.4,97,1.4,97,1.6,81.86157,15563,7,10
63.8,224,0,5.78,7,0,22.8,99,9.94,96,1.6,693.345683,151969,7.2,9.8
63.4,225,0,6.54,43,0,22.2,94,11.12,94,1.6,649.342153,148372,7.4,9.7
66.4,192,19,0.26,89,32,23.8,85,4.66,89,0.3,152.443873,14546111,9.7,9.1
66,196,20,0.26,92,17,23.2,89,4.51,92,0.3,148.912351,141232,9.9,8.7
65.6,2,20,0.28,91,46,22.7,83,4.31,91,0.4,136.4518,1373513,1,8.3
64.9,26,20,0.32,92,18,22.2,89,4.42,92,0.4,18.25321,13391,1.2,7.9
64.3,212,21,0.28,89,428,21.7,76,4.62,89,0.4,11.631377,12916229,1.4,7.7
63.5,219,21,0.3,86,999,21.2,83,4.81,86,0.5,12.566464,1255917,1.6,7.5
62.8,225,22,0.28,88,6,2.8,87,4.94,88,0.6,11.33678,1223957,1.8,7.1
62.1,23,22,0.32,94,11,2.3,93,4.72,94,0.7,95.3978522,11873557,11,6.8
61.3,236,23,0.34,89,3,19.9,89,5.44,89,0.7,89.838296,11556763,11.2,6.6
65,242,23,0.33,84,0,19.5,84,5.35,84,0.7,773.8698713,11251266,11.4,6.4
59.7,247,24,0.35,54,31,19.1,87,5.68,87,0.7,733.581811,1955944,11.6,6.2
75.4,123,1,9.09,92,37,59.4,93,1.37,93,0.1,62.173221,713576,2.1,14.3
75.3,122,1,9.16,91,1,58.9,97,1.12,95,0.1,6353.826383,7164132,2.1,14.1
74.9,126,1,9.38,97,0,58.3,93,9.89,91,0.1,5659.3824,719977,2.1,14
74.6,127,1,9.56,94,370,57.7,94,9.72,94,0.1,6423.291783,723499,2.2,13.5
74.4,128,1,9.65,89,20,57,91,1.9,91,0.1,5411.87744,7291436,2.2,13.6
74.1,131,1,9.85,93,1,56.4,97,9.9,95,0.1,5821.35397,73287,2.3,13.6
74,132,1,9.54,93,2,55.8,95,1.5,95,0.1,671.773913,735222,2.3,13.5
73.8,132,1,9.3,99,201,55.1,93,1.2,94,0.1,5458.121718,7381579,2.4,13.5
73.6,133,1,8.58,93,2,54.5,97,8.99,92,0.1,4129.758741,7411569,2.5,13.4
73,135,1,9.6,65,2,53.9,98,8.7,98,0.1,3528.1318,744769,2.5,13.2
73,134,1,7.42,89,11,53.3,96,8.24,88,0.1,3331.228766,7463157,2.6,13.1
73,17,0,0.01,99,0,36.2,99,3.37,99,0.1,1557.77892,91359,5.7,13.2
72.9,172,0,0.01,99,0,35.5,98,3.58,98,0.1,15687.34795,89949,5.7,13.5
72.7,174,0,0.01,99,0,34.8,98,4.8,98,0.1,12845.17363,8833,5.7,13.5
72.6,177,0,9.72,99,0,34.2,99,3.38,99,0.1,12189.9516,87441,5.7,13.3
72.4,18,0,6.51,99,0,33.5,99,3.59,99,0.1,184.68447,8977,5.8,13.2
72.3,182,0,4.94,99,0,32.4,99,2.64,99,0.1,976.9566,87298,5.8,13.2
72.2,184,0,6.33,99,0,31.8,99,2.64,99,0.1,11122.8627,86956,5.9,13.2
72.2,185,0,8.12,99,1,31.2,99,3.3,99,0.1,12154.82994,8533,5.9,13.1
72.2,185,0,8.12,99,10,3.7,99,3.73,99,0.1,1214.39987,846,5.9,13.1
72.2,185,0,7.82,99,0,3.1,99,3.91,99,0.1,1192.5174,82858,6,12.1
72.1,186,0,7.91,99,0,29.2,99,4.17,99,0.1,1176.65871,82475,6,12.3
72.1,185,0,7.41,99,0,28.7,99,4.64,99,0.1,8524.961236,82781,6.1,12.1
72.1,186,0,11.15,99,0,28.1,99,4.21,99,0.1,8331.261997,83723,6.1,12.1
72,187,0,6.72,96,0,27.6,96,4.45,96,0.1,7663.1378,8122,6.2,12.2
71.8,188,0,8.24,98,0,27.1,98,4.62,98,0.1,7578.85153,81131,6.3,12.3
48.1,463,23,0.01,83,1006,23.8,83,11.9,83,0.6,78.4394757,779162,7.5,9.5
54,47,23,0.01,92,15,23.3,92,11.59,92,0.8,71.8186998,692279,7.7,9.3
49.7,411,25,0.01,91,678,22.7,91,11.24,91,0.9,561.8984239,676613,7.9,9.1
48.9,418,26,3.78,89,1865,22.2,88,11.98,89,1.3,445.525,6611692,8.1,8.9
48.1,424,27,3.84,86,1089,21.7,84,1.32,86,1.6,45.128418,645872,8.3,8.7
47.1,433,28,3.97,84,31,21.2,81,13.13,84,1.7,394.5932439,63126,8.5,8.5
46.2,441,29,3.91,77,44,2.7,75,1.29,77,1.9,46.3759178,6165372,8.7,8.3
45.3,45,29,3.86,63,0,2.2,63,1.12,64,2.2,358.8274716,615417,8.9,8.2
68.8,183,0,0.01,88,0,49.7,94,5.5,88,0.1,29.652622,57554,1.1,9.6
68.8,182,0,0.01,94,0,48.9,99,5.42,94,0.1,188.5159,563513,1.1,9.5
68.7,184,0,0.01,99,0,48.1,99,5.48,99,0.1,1858.689868,551531,1.2,9.4
68.5,186,0,0.99,99,0,47.2,99,5.8,99,0.1,1642.837974,539614,1.2,9.4
68.3,188,0,1.1,9,0,46.4,94,7.47,9,0.1,1272.44825,52779,1.2,9.3
68.1,192,0,1.21,92,0,45.5,98,7.92,92,0.1,1158.282672,51679,1.2,9.3
68,193,0,1.09,89,0,44.7,94,5.97,89,0.1,125.79167,54477,1.2,9.2
67.6,2,0,0.85,9,0,43.8,93,6.42,9,0.1,146.931125,49294,1.2,9
67.6,2,0,0.99,99,0,43,99,6.66,99,0.1,948.6592511,481422,1.3,8.4
67.4,24,0,0.9,83,0,42.1,9,7.83,89,0.1,88.874858,469885,1.3,8.3
67.1,29,0,1.18,81,0,41.3,89,5.64,9,0.1,818.442619,458324,1.3,8.1
66.8,215,0,1.18,79,0,4.4,84,6,84,0.1,744.7657423,446769,1.3,8
66.5,22,0,1.08,75,0,39.6,78,6.9,78,0.1,784.9562874,435262,1.4,7.3
66.2,227,0,0.7,83,0,38.7,88,6.44,84,0.1,944.81684,423853,1.4,6.6
65.8,235,0,0.71,81,0,37.9,88,4.56,86,0.1,154.518572,41269,1.4,7.2
62,347,42,7.38,8,66,5.3,77,8.8,77,3.7,6479.625659,54146734.74,4.9,13
69,371,43,7.34,7,25,49.5,73,8.78,73,4.5,6876.953821,53311955.61,5.4,12.8
59.2,48,43,7.38,68,32,48.7,65,8.79,65,7.6,7548.163698,5256515.8,6,12.8
58.9,413,43,7.38,76,92,47.9,69,8.61,69,8.5,849.954224,51729345.36,6.6,12.8
58,428,43,7.28,71,12499,47.2,72,8.5,72,11,7362.76139,5979432.36,7.3,12.8
56.5,449,46,7.6,74,5857,46.4,75,8.39,76,19,5888.6284,5255813.11,8.1,12.8
55.3,473,50,8.19,76,39,45.7,77,7.75,79,23.5,5786.59972,49557573.3,8.9,12.9
54.5,486,51,8.48,83,31,45,79,7.53,82,26.4,6125.39984,48883844.99,9.7,12.9
54,496,54,8.5,83,81,44.3,79,7.57,82,28.1,5631.73485,4823384.48,1.6,12.9
53.8,498,55,8.69,79,615,43.6,75,7.77,79,29.5,5414.634326,476667.24,11.6,12.9
53.7,497,55,6.96,76,830,42.9,73,7.93,74,29.7,4863.51688,4717.99,12.6,12.9
54,485,55,6.93,71,244,42.2,7,8.26,69,28.9,3775.68275,46418193.9,13.5,12.9
54.9,459,54,7.04,72,1043,41.6,7,8.9,7,26.6,2518.398261,45855482.88,14.5,12.9
56,429,52,7.38,72,1166,4.9,71,8.31,71,24,2681.781,45312937,15.4,13
57.3,397,51,7.3,73,1459,4.1,71,8.7,73,21.3,337.2253,44896856,16.3,13
74.7,141,3,2.37,99,1686,22.7,99,3.5,99,0.1,382.54994,2771,15.2,14
74.6,142,3,2.56,99,2107,21.9,99,3.68,99,0.1,361.289374,2585,15.2,13.8
74.5,143,3,2.8,99,51,21.2,99,3.21,99,0.1,335.521375,2425,15.3,13.7
74.5,141,3,3.03,99,60,2.5,99,3.28,99,0.1,322.992615,2271,15.3,13.6
74.5,138,3,2.31,99,79,19.8,99,3.43,99,0.1,2819.511161,2119,15.3,13.5
71.8,183,4,2.05,97,21,19.2,97,3.37,97,0.1,216.681584,19968,15.3,13.4
72.3,172,4,2.1,98,33,18.5,98,3.44,98,0.1,254.489192,19817,15.4,13.3
73.7,146,4,2.29,98,44,17.9,98,3.76,98,0.1,1644.816372,19668,15.4,13.2
73.8,145,4,1.96,98,0,17.2,98,4.6,98,0.1,1448.7611,1952,15.4,13.1
74.2,138,4,1.97,99,3,16.6,99,4.6,99,0.1,1259.87591,19373,15.4,12.9
69.1,197,6,1.56,62,35,16.1,97,4.28,97,0.1,174.6692,19228,15.4,12.8
73.9,146,5,1.69,32,65,15.6,98,3.95,99,0.1,989.4547732,1983,15.4,12.7
71.4,178,0,6.32,85,0,57.7,85,5.69,85,0.4,9564.46383,547928,3.5,12.7
71.2,179,0,6.02,86,0,57,86,5.96,86,0.4,9484.56898,54254,3.5,12.7
71.3,178,0,5.73,84,0,56.3,84,6.9,84,0.9,9272.413453,53777,3.5,12.7
76,187,0,5.64,86,0,55.5,86,5.93,86,0.1,8318.97692,531589,3.5,12.5
73,19,0,5.26,86,0,54.8,96,5.81,96,0.5,833.31332,52613,3.5,12.3
70,196,0,5.13,87,0,54.1,85,6.14,87,0.6,7443.85178,52619,3.5,12.1
69.8,196,0,4.94,84,0,53.3,85,5.92,85,1.2,6858.163158,515148,3.5,11.9
69.5,22,0,4.72,84,0,52.6,84,5.92,84,0.8,5761.39536,5975,3.5,11.7
69.3,199,0,4.52,84,0,51.8,84,6.22,84,0.6,527.92,5437,3.5,11.5
68.9,25,0,4.47,83,0,51.1,84,6.78,83,0.6,3595.8855,498946,3.5,11.3
58.4,382,2,0.01,98,0,31.8,98,9.25,98,7.3,3464.35169,129597,4.3,11.4
57.6,393,2,0.01,98,0,31.2,98,9.66,98,9.8,3598.75972,1271456,4.5,11.4
56.5,412,2,0.01,95,0,3.7,92,8.76,95,12.2,3851.51547,1248158,4.8,11.3
55,438,2,5.2,91,0,3.2,85,8.61,91,15.7,3934.27325,1225258,5.1,11.2
53.6,459,2,4.93,89,313,29.7,89,8.47,89,21.6,369.239336,122843,5.4,11
52.6,46,3,4.9,88,26,29.3,89,8.46,88,33.7,332.517125,118675,5.8,10.8
51.4,477,3,4.87,9,1,28.9,89,8.19,88,40.2,2842.438422,1158897,6.1,10.6
50,51,3,5.55,92,0,28.5,88,7.5,87,40.7,347.48798,1138434,6.5,10.5
47.8,564,3,5.53,93,0,28.2,88,6.81,87,43.7,2937.36723,112514,6.9,9.9
46,63,3,5.08,95,0,27.8,88,6.8,86,49.1,2873.862141,115873,7.3,9.7
45.6,69,3,5.78,93,0,27.4,88,5.88,86,50.3,2529.633557,19553,7.7,9.4
45.9,6,3,5.65,9,350,27.1,87,5.71,85,50.6,22.99449,187392,8.2,9.1
46.4,587,3,5.52,88,37,26.7,87,5.16,85,49.9,1324.996228,1893,8.6,9.2
47.1,568,3,6.72,86,49,26.3,87,5.11,84,48.8,1437.634951,172927,9,9.3
48.4,536,3,7.19,83,10,25.9,87,5.26,84,46.4,1637.4567,161468,9.4,9.4
73.8,121,8,0.83,83,403,49.4,83,3.72,8,0.1,258.3529,1963286,6.4,11.5
73.7,123,8,0.97,83,517,48.5,83,3.78,8,0.1,1762.24617,18914977,6.4,11.4
73.5,127,9,0.92,83,375,47.6,83,4.11,8,0.1,1577.457182,18294611,6.5,11
73.2,131,9,0.93,82,189,46.8,84,4.48,81,0.1,148.852738,1786638,6.5,10.6
73,134,9,1.29,81,801,46,85,5.12,83,0.1,1253.39143,17415266,6.6,10.3
72.8,135,9,1.25,8,538,45.3,86,4.94,84,0.1,1263.13455,178791,6.6,10.2
72.7,135,10,1.29,8,290,44.6,83,4.92,82,0.1,1258.421953,16766899,6.7,10.1
72.6,136,10,1.41,79,146,43.9,86,4.92,84,0.1,1177.629268,1641848,6.8,10
69.6,162,10,0.01,97,0,39.9,94,6.88,97,0.2,114.45919,8362745,3.6,11.3
69.3,163,10,0.01,96,1,39,97,6.75,96,0.2,14.214412,817789,3.6,11.2
68.8,164,10,0.01,94,16,38.2,96,6.39,94,0.2,954.725253,799562,3.6,11.1
68.1,166,10,0.32,96,1,37.4,97,5.98,96,0.2,834.5412953,7815949,3.7,11.1
67.3,171,10,0.32,93,0,36.6,95,6.4,93,0.2,738.3475227,764163,3.7,11.1
66.7,174,10,0.3,93,0,35.9,93,5.93,93,0.2,666.3458569,7472819,3.7,11.1
66.4,178,10,0.32,86,0,35.3,87,5.58,86,0.3,76.914128,739728,3.8,10.8
66.1,181,10,0.35,84,2,34.7,85,5.35,86,0.3,52.35956,7152385,3.8,10.9
65.9,183,10,0.38,88,3,34.1,76,5.7,83,0.3,44.2872665,7557,3.8,10.7
65.5,194,10,0.37,81,0,33.5,79,5.89,84,0.3,337.359236,6854176,3.8,10.6
65.9,177,11,0.38,81,4,33,82,5.7,86,0.3,39.281834,6712841,3.9,10.5
65.2,182,11,0.36,58,2144,32.5,82,4.46,85,0.3,236.314438,6576877,4,10.1
64.3,193,12,0.6,39,927,32.1,84,4.48,85,0.3,189.3878519,6447688,4,9.8
74.6,152,8,6.41,99,0,32.4,99,4.12,99,0.1,5941.8471,68416772,7.8,13.6
74.5,153,9,6.5,99,2641,31.3,99,4,99,0.1,6171.262444,6814365,7.9,13.6
74.3,154,9,6.56,98,5197,3.1,99,4.17,99,0.1,5859.915622,67843979,8,13.7
74.1,155,10,6.07,98,3156,29,99,4.12,99,0.2,5491.159981,675313,8.1,13.3
73.9,158,10,5.95,98,2583,27.9,99,3.81,99,0.2,575.32176,672888,8.2,13.1
73.7,16,11,5.88,98,6071,26.8,99,4.11,99,0.3,4212.5492,66881867,8.3,13
73.5,162,11,5.92,98,7790,25.7,99,3.92,99,0.3,4378.68746,6654576,8.5,12.9
73.3,165,12,6.2,96,3893,24.6,98,3.56,98,0.4,3972.26475,66195615,8.6,12.3
73,168,13,6.18,96,3588,23.6,98,3.49,98,0.5,3368.952576,65824164,8.7,12.4
72.5,177,13,6.26,96,3526,22.6,98,3.55,98,0.5,2893.651356,6542547,8.9,12
71.6,189,14,6.17,96,4165,21.7,98,3.51,98,0.5,2659.83918,652231,9,11.9
71.7,189,15,6.14,96,4519,2.9,98,3.58,98,0.6,2358.93629,64554952,9.1,11.8
71.4,192,16,5.93,95,10315,2.2,97,3.7,96,0.7,296.54617,6473164,9.2,11.5
71.2,194,17,5.92,95,7319,19.4,97,3.32,96,0.8,1893.145377,63543322,9.3,11.2
71.1,194,18,5.88,95,4074,18.7,97,3.4,97,0.8,27.564826,6295821,9.4,10.9
68,155,2,0.01,77,47,17,76,1.48,77,0.1,1153.51578,1212814,1.9,12.5
67.7,158,2,0.01,82,4,16.6,82,1.29,82,0.1,117.765674,1184366,11.1,12.5
67.4,159,2,0.01,83,16,16.2,83,1.1,83,0.1,1117.77724,115676,11.2,12.5
67.2,161,2,0.5,67,763,15.8,66,0.76,67,0.1,114.56179,1131523,11.3,12.5
66.9,163,2,0.1,72,50,15.5,72,0.92,72,0.1,849.8626972,119591,11.5,12.4
66.6,165,2,0.09,72,10,15.1,78,1.2,72,0.1,757.3114436,19221,11.6,12.1
66.2,168,2,0.06,79,0,14.7,79,0.74,79,0.1,643.71911,17811,11.7,11.7
59.7,285,13,0.01,87,577,23.7,85,5.25,87,1,62.1318489,7228915,6.6,12
59.4,287,14,0.01,84,564,23.1,84,5.12,84,1.5,579.43485,742948,6.8,12
58.9,294,14,0.01,84,238,22.6,84,5.11,84,1.7,563.6894247,6859482,7,12
58.3,34,14,1.44,85,187,22,85,5.21,85,2.6,562.3393592,6679282,7.1,11.5
57.4,323,14,1.21,83,120,21.4,83,5.37,83,3.8,487.9238913,652952,7.3,11
56.7,336,14,1.24,78,425,2.9,78,6.64,78,4.3,499.6468713,633472,7.5,10.6
56.2,344,14,1.33,24,187,2.4,8,5.73,81,4.8,513.391914,6161796,7.7,10.1
73.3,135,0,0.01,8,0,74.8,82,5.18,8,0.1,4192.349758,15782,0.1,14.3
73.2,137,0,0.01,82,0,74.3,84,4.98,82,0.1,4266.557174,15328,0.1,14.3
73,138,0,0.01,77,0,73.8,79,4.51,77,0.1,451.542462,14951,0.1,14.4
72.9,14,0,0.96,82,0,73.3,84,4.6,82,0.1,445.18866,14577,0.1,14.4
72.8,142,0,1.24,82,0,72.7,84,4.59,82,0.1,3547.59975,14137,0.1,14.4
72.5,147,0,1.08,84,0,72.1,86,4.67,84,0.1,37.846563,1364,0.1,14.5
72.6,145,0,1.1,84,0,71.5,88,5.13,86,0.1,3392.64743,135,0.1,14.5
72.5,146,0,2.05,87,0,7.8,88,5.82,87,0.1,2932.315883,12357,0.1,14.5
72.4,148,0,1.79,89,0,7.1,89,5.61,88,0.1,2892.522663,11689,0.1,14.6
72.3,15,0,1.57,89,0,69.4,9,6.52,89,0.1,2594.74999,1141,0.1,14.6
72.2,151,0,1.8,9,0,68.6,91,4.87,9,0.1,2284.37858,146,0.1,14.6
72,153,0,1.79,85,0,67.8,91,5.9,9,0.1,229.714718,99789,0.1,13.7
71.9,155,0,1.51,88,0,67,85,5.3,84,0.1,1842.44421,99184,0.1,13.5
71.8,157,0,1.35,91,4,66.2,91,5.66,89,0.1,1837.977391,98611,0.1,13.2
71.6,158,0,1.24,93,0,65.5,91,4.75,91,0.1,263.27236,9882,0.1,13.7
71.1,171,0,6.94,92,0,46,94,5.93,92,0.3,19325.24283,1354493,5.8,12.7
71,172,0,6.71,92,0,45,94,5.98,92,0.3,1967.83283,1348248,5.8,12.7
78,174,0,6.7,92,0,44,91,5.78,92,0.4,19152.531,1341588,5.9,12.6
76,176,0,6.5,9,0,43,91,5.6,9,0.4,1953.9767,1334788,5.9,12.6
74,179,0,6.5,9,0,42,91,5.29,9,0.4,16683.94578,13281,5.9,12.5
71,183,0,6.37,9,0,41.1,9,6.47,9,0.2,1458.8796,1321618,6,12.5
69.9,185,0,6.41,9,0,4.2,91,4.4,9,0.3,21188.11857,1315372,6.1,12.4
69.7,187,0,6.37,89,0,39.3,9,4.82,88,0.7,1653.1844,13926,6.1,12.4
69.6,188,0,6.35,89,0,38.4,89,4.49,92,0.6,1495.96337,133144,6.2,12.3
69.5,189,0,6.12,95,0,37.6,95,5.31,95,0.5,12323.1275,1296934,6.3,12.3
69.4,19,0,5.82,94,0,36.8,94,5.22,94,1,129.51914,129535,6.3,12.2
69.3,191,0,5.53,76,0,36,91,5.13,91,0.5,884.518666,128452,6.4,12
69.2,192,0,5.12,5,0,35.2,96,5,96,2,749.626612,1277837,6.5,11.9
75.1,12,3,1.39,98,15,6.2,98,7,98,0.1,4271.68172,1114398,6.5,14.7
74.9,13,3,1.29,98,16,59.3,98,7.26,98,0.1,4199.47253,1114558,6.4,14.7
74.9,13,3,1.3,97,48,58.3,97,7.18,97,0.1,4137.55421,1886668,6.4,14.6
74.8,13,3,1.29,98,11,57.4,98,7.15,98,0.1,4256.91279,1761467,6.4,14.5
74.8,12,3,1.28,98,1,56.5,98,6.54,98,0.1,414.15177,1639931,6.3,14.4
74.7,12,3,1.4,99,1,55.6,99,6.18,99,0.1,4129.977335,1521834,6.3,14.4
74.7,12,3,1.37,99,2,54.7,99,5.63,99,0.1,431.9326,147336,6.3,14.3
74.6,12,3,1.24,98,4,53.9,98,5.64,98,0.1,3778.184171,129887,6.3,14.3
74.4,12,3,1.46,99,3,53.1,99,5.64,99,0.1,3371.71231,1196136,6.3,14.2
74.2,14,3,1.37,97,15,52.2,98,5.57,98,0.1,3194.562243,112482,6.4,13.9
74,15,3,1.36,96,1,51.4,97,5.63,97,0.1,3112.83529,11761,6.4,13.6
73.7,17,4,1.34,92,22,5.6,95,5.36,95,0.1,2761.969249,9939678,6.4,13.5
73.5,19,4,1.17,93,98,49.7,96,5.32,96,0.1,2346.5937,9864326,6.5,13.3
73.2,11,4,1.19,94,231,48.9,98,5.29,98,0.1,2254.933126,978571,6.5,13.1
72.9,112,4,1.21,94,47,48.1,97,5.4,97,0.1,2213.91488,9699197,6.6,12.8
75.5,17,16,1.45,96,565,65.3,96,5.41,96,0.1,12127.22522,773628,4.9,14.5
75.2,19,17,1.41,97,7405,64.5,98,5.38,98,0.1,12542.93565,75787333,4.9,14.4
74.8,112,19,1.54,97,349,63.7,97,5.24,97,0.1,1172.3843,74569867,4.9,14.3
74.5,114,20,1.53,96,111,62.8,97,5.29,97,0.1,11341.13395,7349455,4.9,13.8
74.2,116,21,1.49,96,7,61.9,97,5.61,97,0.1,1672.5693,72326914,4.9,13
73.9,118,23,1.4,94,4,61.1,96,6.8,96,0.1,936.499911,71339185,4.9,12.5
73.5,121,25,1.39,92,0,6.2,96,6.7,96,0.1,185.68975,74432,5,12.5
73.2,124,26,1.26,96,3,59.3,96,6.4,96,0.1,979.49246,69597281,5,12.3
72.8,126,28,1.29,82,34,58.5,9,5.81,9,0.1,834.869161,6876345,5,11.9
72.4,129,30,1.29,85,6200,57.6,9,5.45,9,0.1,7384.354661,679346,5,11.9
72,132,33,1.35,77,8927,56.8,85,5.37,85,0.1,64.72953,677855,5.1,12
71.6,135,35,1.42,68,5844,55.9,69,5.34,68,0.1,4718.51291,668583,5.1,11.9
71.2,138,38,1.47,72,7823,55.1,78,5.36,78,0.1,366.57,6514354,5.2,11.5
78,14,41,1.49,77,30509,54.3,88,5.16,88,0.1,3119.63716,64191474,5.2,11.1
74,143,44,1.54,71,16244,53.5,85,4.95,85,0.1,4316.553895,6324121,5.3,10.7
66,217,7,2.9,97,0,47.7,98,2.7,98,0.1,7962.365824,5466241,3.3,10.8
65.4,228,7,2.93,98,0,46.7,98,2.12,98,0.1,734.42525,5366277,3.2,10.7
65.6,22,7,2.75,98,0,45.9,98,1.96,97,0.1,6675.262954,5267839,3.2,10.7
65.6,217,7,2.55,97,0,45,97,1.98,97,0.1,5649.978486,517461,3.2,10.6
65.8,211,7,2.48,96,0,44.2,96,1.99,96,0.1,4439.23,58721,3.2,10.6
65.6,215,6,2.35,97,0,43.4,97,1.88,96,0.1,436.459223,5795,3.2,10.5
64.5,235,6,2.4,96,0,42.7,96,1.93,96,0.1,394.467675,4935762,3.2,10.5
64.1,241,6,2.58,98,59,42,98,2.16,98,0.1,26.371428,487137,3.3,10.4
63.7,245,6,2.71,98,48,41.3,98,2.9,98,0.1,2136.66815,48115,3.3,10.4
63.3,248,6,2.85,99,0,4.7,99,3.51,99,0.1,174.51475,4754641,3.4,10.3
63.5,238,6,2.86,96,1,4,98,4.3,97,0.1,1453.917166,473398,3.4,10.3
63.4,231,7,2.88,97,1,39.4,66,3.85,83,0.1,1283.885977,4655741,3.5,10.3
63.3,229,7,2.33,96,11,38.7,99,3.34,98,0.1,967.917468,4612,3.5,10.2
61.5,38,68,0.01,78,314,18.1,82,7.22,78,3.2,719.172669,38833338,5.7,10
67,325,71,0.01,78,7878,17.6,82,7.47,78,4,662.492293,37553726,5.7,10
60,339,73,0.01,78,2027,17.2,82,7.58,78,4.6,647.74741,3636796,5.8,10
59.3,347,76,10.22,82,3312,16.7,82,9.9,82,6.8,584.3962137,3593648,5.9,10.7
58.4,362,79,10.03,8,1313,16.3,79,11.2,8,8,594.9972557,33915133,6,10.9
57.5,378,82,9.63,79,1601,15.9,78,8.43,79,8.1,647.17732,32771895,6.1,10.8
56.3,41,84,9.79,71,1319,15.6,69,9.1,71,8.2,449.6928183,31663896,6.2,10.6
55.5,41,88,9.65,73,3776,15.2,7,9.76,73,8.4,41.858631,359487,6.3,10.3
54.9,41,93,9.81,64,5736,14.8,62,9.86,64,8.6,336.4593923,2955662,6.4,10.6
53.2,446,99,10.09,64,22,14.5,59,9.36,64,8.7,315.788227,2854394,6.5,10.9
51.3,485,104,9.89,62,141,14.2,58,8.9,62,8.9,288.236949,27568436,6.6,11.6
51,53,109,10.16,44,29429,13.9,57,7.54,59,9.4,237.9995917,2662482,6.7,11.5
48.8,523,112,10.42,29,49871,13.6,57,7.78,57,10,24.2423229,2571848,6.8,11
78,23,4,8.06,22,0,6.7,45,7.1,23,0.2,314.658296,45271947,2.3,15.2
71,198,4,8.44,46,0,6.1,72,7.67,76,0.2,429.71554,454896,2.3,15.2
77,25,5,8.44,46,12746,59.6,72,7.47,76,0.2,3855.42128,455933,2.4,15.1
75,24,5,8.48,21,1333,59,54,6.98,5,0.2,3569.75727,45761,2.4,14.9
69.8,212,5,8.39,48,39,58.5,57,7.81,52,0.2,2965.142365,45877,2.4,14.9
69.2,231,5,8.71,66,0,58,74,7.8,71,0.3,2545.48341,46533,2.5,14.9
67.7,273,5,9.46,84,48,57.6,91,6.63,9,0.4,3891.37823,462582,2.5,14.9
67.5,277,5,8.86,92,1005,57.2,98,6.36,98,0.7,368.68998,465935,2.5,14.8
67.7,267,5,7.99,96,42724,56.8,99,6.39,98,0.8,233.18831,4678775,2.6,14.7
67,278,5,7.31,97,2392,56.4,95,6.41,96,0.9,1828.717626,471515,2.7,14.5
67.4,267,5,6.79,98,146,56.1,99,6.61,99,1,1367.352433,474516,2.7,14.6
67.6,256,6,5.92,77,411,55.7,99,6.93,97,0.9,148.522488,4781295,2.8,14.3
67.6,256,6,4.89,48,7587,55.4,99,6.25,99,0.9,879.475486,48225,2.9,13.9
67.7,253,6,4.31,7,16970,55.1,99,5.66,99,0.8,78.738243,48683865,2.9,13.2
67.5,257,6,4.49,4,817,54.8,99,5.59,99,0.7,635.789635,49175848,3,13.3
76.8,117,0,6.03,95,0,63.4,95,8.58,95,0.1,16737.89827,3419546,1.5,15.5
76.8,117,0,5.82,94,0,62.9,94,8.68,94,0.1,16881.2568,3485,1.5,15.5
76.5,118,0,5.77,95,0,62.3,95,8.74,95,0.1,1592.6819,3396777,1.5,15.5
77,111,0,5.97,95,0,61.8,95,8.55,95,0.1,14166.4998,3385624,1.5,15.5
76.3,118,0,6.21,95,0,61.2,95,8.63,95,0.1,11938.212,3374415,1.5,15.6
76.6,118,0,6.67,95,0,6.7,95,8.78,95,0.1,9415.17386,3362755,1.5,15.5
76.4,119,1,6.76,94,0,6.1,94,8.17,94,0.1,962.312164,335824,1.6,15.7
75.4,124,1,6.67,94,0,59.5,94,8.23,94,0.1,79.69746,3339741,1.6,15.3
76.2,117,1,6.58,95,0,58.9,95,11.17,95,0.1,5877.87678,333143,1.6,15.2
75.7,123,1,6.35,96,0,58.3,96,11.15,96,0.1,522.951116,3325612,1.6,15.5
75.4,122,1,5.66,94,0,57.7,95,11.59,94,0.1,4117.38853,332496,1.7,15.5
75.4,121,1,5.11,91,0,57,91,6.52,91,0.1,3622.52284,3325637,1.7,15
75.4,124,1,5.86,95,0,56.3,93,7.18,95,0.1,488.768855,3327773,1.7,14.7
75.2,123,1,6.48,94,0,55.7,94,7.46,94,0.1,6281.37747,332713,1.8,14.2
75.1,131,1,6.65,92,0,55,92,7.82,9,0.1,6871.897677,3321245,1.8,14
69.2,184,16,0.01,99,8,43.9,99,5.84,99,0.1,25.448414,37577,3,12.1
69.1,185,17,0.01,99,0,43,99,6.32,99,0.1,197.551233,32432,3,12
68.8,184,18,0.01,99,0,42.2,99,6.49,99,0.1,174.468298,297745,3,12
68.5,183,19,2.83,99,476,41.4,99,5.65,99,0.1,1564.966945,293394,3,12
68.3,183,20,2.73,99,117,4.7,99,5.34,99,0.2,1377.8214,285624,3,11.9
68,183,21,2.56,98,0,4,99,6.31,98,0.2,1213.265328,277674,3.1,11.8
67.9,184,22,2.36,91,2,39.3,98,5.92,98,0.3,182.28625,27328,3.1,11.9
67.8,184,22,2.15,99,863,38.7,98,5.81,96,0.3,83.476942,26868,3.1,11.8
67.6,185,23,1.96,98,823,38.1,94,5.49,96,0.4,654.2838373,2648825,3.2,11.8
67.3,192,24,1.78,99,737,37.5,99,5.11,99,0.3,546.776852,26167,3.2,11.7
67.8,183,24,1.59,99,75,37,99,5.11,99,0.3,465.1198869,2586435,3.2,11.6
67.2,183,25,1.54,99,85,36.4,99,5.17,98,0.3,396.129969,2556765,3.3,11.3
67.1,186,27,1.47,62,25,35.9,99,5.44,99,0.2,383.3494997,2527185,3.3,11
71.7,134,0,0.01,64,10,52.5,65,5.2,64,0.1,3148.36513,25885,1.5,10.8
71.6,135,0,0.01,64,0,51.7,65,3.92,64,0.1,3167.34356,253142,1.5,10.8
71.4,138,0,0.01,64,0,5.8,65,3.7,64,0.1,3158.58688,247485,1.5,10.8
71.2,141,0,0.85,63,0,49.9,65,3.85,65,0.1,3275.91684,241871,1.5,10.8
71,145,0,0.91,62,0,49.1,66,4.71,65,0.1,2965.82434,236295,1.5,10.8
78,149,0,0.83,62,0,48.2,66,3.9,66,0.1,2643.441423,23785,1.5,10.7
75,153,0,1.18,61,0,47.4,66,3.66,67,0.1,2697.961375,22534,1.5,10.7
73,157,0,1.01,6,0,46.6,67,3.67,67,0.1,2393.367265,219953,1.6,10.7
71,161,0,1,59,0,45.7,67,3.96,68,0.1,247.97823,214634,1.6,10.6
69.9,165,0,0.88,61,3,44.9,67,3.87,68,0.1,1886.433359,2937,1.6,10.6
69.6,169,0,0.85,63,0,44.1,67,4.12,69,0.1,1787.94723,24143,1.6,10.7
69.4,173,0,1.2,64,165,43.3,67,4.2,69,0.1,158.52724,198964,1.6,10.4
69.3,176,0,1.24,66,101,42.6,67,3.52,7,0.1,1353.934819,193956,1.7,10.2
69.1,179,0,0.91,68,7,41.9,67,3.37,7,0.1,1362.61731,18929,1.7,10.1
69,18,0,1.21,7,9,41.1,67,3.28,71,0.1,1469.849149,18563,1.7,9.6
61.1,314,28,0.01,86,9,22.8,78,4.99,86,4.3,1738.8822,1562974,6.3,12.5
63,328,29,2.41,79,35,22.3,74,4.99,79,4.8,185.793359,1515321,6.4,12.5
59.2,349,29,2.59,78,896,21.7,7,4.91,78,5.6,1734.93612,14699937,6.5,12.3
58.2,366,29,2.57,81,13234,21.2,83,4.26,81,6.3,1644.619672,14264756,6.6,12
58,363,30,2.47,83,15754,2.7,8,4.41,83,6.8,1463.213573,138533,6.7,11.8
57.4,368,30,2.3,94,26,2.2,93,4.73,94,9.1,1139.11233,13456417,6.7,11.6
55.7,45,31,2.12,87,140,19.7,9,4.87,87,11.9,1369.68249,1382517,6.8,11.4
52.6,487,32,2.08,8,535,19.2,77,4.37,8,13.6,114.587985,12725974,6.9,11.1
58,526,33,2.25,81,459,18.8,83,6.11,81,15.9,13.154199,12383446,7,10.9
49.3,554,34,2.33,82,45,18.4,84,7.56,82,17,691.3178164,1252156,7.1,10.7
59.2,371,23,6.5,91,0,31.3,92,6.44,91,6.3,127.47462,15411675,5.9,10.3
58,399,25,6.39,95,0,3.8,95,6.88,95,6.8,111.227396,155456,6.2,10.4
56.6,429,26,6.09,97,0,3.3,95,6.69,95,8.8,955.648466,1471826,6.5,9.8
54.9,464,28,6,94,0,29.9,93,6.31,93,13.3,839.927936,14386649,6.8,10.1
52.4,527,29,5.21,9,9696,29.4,89,5.37,89,15.7,713.63562,1486317,7.1,10
50,587,30,4.64,73,853,29,69,6.26,73,18.1,65.824121,1381599,7.5,9.9
48.2,632,30,3.56,75,0,28.6,75,4.96,75,20.5,325.678573,13558469,7.8,9.7
46.6,67,29,3.88,72,242,28.2,73,4.47,73,23.7,396.9982166,1332999,8.2,9.6
45.4,7,28,4.57,68,212,27.9,71,5.12,7,26.8,414.796232,13124267,8.6,9.5
44.6,717,28,4.14,65,420,27.5,69,6.44,68,30.3,444.76575,129432,9,9.3
44.3,723,27,4.36,68,31,27.1,67,7.13,65,33.6,454.366654,12777511,9.4,9.2
44.5,715,26,4.06,7,998,26.7,7,6.52,68,36.7,453.3511552,12633897,9.8,9.5
44.8,73,25,4.43,73,304,26.3,73,6.53,71,39.8,57.34834,125525,1.2,10
45.3,686,25,1.72,76,529,25.9,76,6.16,75,42.1,548.587312,12366165,1.6,9.8
46,665,24,1.68,79,1483,25.5,78,7.1,78,43.5,547.3588785,12222251,11,9.8
